SK_ID_CURR,TARGET,CODE_GENDER,FLAG_OWN_CAR,AMT_INCOME_TOTAL,AMT_CREDIT,AMT_ANNUITY,AMT_GOODS_PRICE,DAYS_EMPLOYED,DAYS_ID_PUBLISH,FLAG_WORK_PHONE,REGION_RATING_CLIENT_W_CITY,REG_REGION_NOT_WORK_REGION,REG_CITY_NOT_LIVE_CITY,EXT_SOURCE_1,EXT_SOURCE_2,EXT_SOURCE_3,APARTMENTS_AVG,BASEMENTAREA_AVG,YEARS_BUILD_AVG,ELEVATORS_AVG,ENTRANCES_AVG,LANDAREA_AVG,LIVINGAREA_AVG,NONLIVINGAPARTMENTS_AVG,COMMONAREA_MODE,ELEVATORS_MODE,FLOORSMIN_MODE,LIVINGAPARTMENTS_MODE,NONLIVINGAPARTMENTS_MODE,NONLIVINGAREA_MODE,BASEMENTAREA_MEDI,YEARS_BUILD_MEDI,COMMONAREA_MEDI,FLOORSMIN_MEDI,LANDAREA_MEDI,LIVINGAPARTMENTS_MEDI,LIVINGAREA_MEDI,NONLIVINGAPARTMENTS_MEDI,OBS_30_CNT_SOCIAL_CIRCLE,OBS_60_CNT_SOCIAL_CIRCLE,FLAG_DOCUMENT_3,FLAG_DOCUMENT_4,FLAG_DOCUMENT_5,FLAG_DOCUMENT_6,FLAG_DOCUMENT_8,FLAG_DOCUMENT_13,AMT_REQ_CREDIT_BUREAU_QRT,AMT_REQ_CREDIT_BUREAU_YEAR,NAME_TYPE_SUITE_Family,NAME_TYPE_SUITE_Unaccompanied,NAME_INCOME_TYPE_Pensioner,NAME_INCOME_TYPE_Student,NAME_EDUCATION_TYPE_Higher education,NAME_EDUCATION_TYPE_Secondary / secondary special,NAME_FAMILY_STATUS_Married,INCOME_CREDIT_PERC,ANNUITY_INCOME_PERC,PAYMENT_RATE,BURO_DAYS_CREDIT_MIN,BURO_DAYS_CREDIT_MAX,BURO_DAYS_CREDIT_MEAN,BURO_DAYS_CREDIT_ENDDATE_MAX,BURO_DAYS_CREDIT_ENDDATE_MEAN,BURO_DAYS_CREDIT_UPDATE_MEAN,BURO_AMT_CREDIT_MAX_OVERDUE_MEAN,BURO_AMT_CREDIT_SUM_MEAN,BURO_AMT_CREDIT_SUM_DEBT_MAX,BURO_AMT_CREDIT_SUM_DEBT_SUM,BURO_MONTHS_BALANCE_MIN_MIN,BURO_CREDIT_CURRENCY_currency 4_MEAN,BURO_CREDIT_TYPE_Microloan_MEAN,BURO_CREDIT_TYPE_Mortgage_MEAN,BURO_CREDIT_TYPE_Real estate loan_MEAN,ACTIVE_DAYS_CREDIT_MAX,ACTIVE_DAYS_CREDIT_ENDDATE_MIN,ACTIVE_DAYS_CREDIT_ENDDATE_MAX,ACTIVE_DAYS_CREDIT_ENDDATE_MEAN,ACTIVE_DAYS_CREDIT_UPDATE_MEAN,ACTIVE_AMT_CREDIT_MAX_OVERDUE_MEAN,ACTIVE_AMT_CREDIT_SUM_MAX,ACTIVE_AMT_CREDIT_SUM_MEAN,ACTIVE_AMT_CREDIT_SUM_SUM,ACTIVE_AMT_CREDIT_SUM_DEBT_MEAN,ACTIVE_AMT_CREDIT_SUM_DEBT_SUM,ACTIVE_AMT_CREDIT_SUM_LIMIT_MEAN,CLOSED_DAYS_CREDIT_MIN,CLOSED_DAYS_CREDIT_MEAN,CLOSED_DAYS_CREDIT_ENDDATE_MEAN,CLOSED_DAYS_CREDIT_UPDATE_MEAN,CLOSED_AMT_CREDIT_MAX_OVERDUE_MEAN,CLOSED_AMT_CREDIT_SUM_MEAN,CLOSED_AMT_CREDIT_SUM_DEBT_MAX,CLOSED_AMT_CREDIT_SUM_DEBT_SUM,PREV_AMT_ANNUITY_MIN,PREV_AMT_APPLICATION_MIN,PREV_AMT_CREDIT_MIN,PREV_AMT_CREDIT_MAX,PREV_AMT_CREDIT_MEAN,PREV_APP_CREDIT_PERC_MEAN,PREV_AMT_GOODS_PRICE_MIN,PREV_AMT_GOODS_PRICE_MAX,PREV_RATE_DOWN_PAYMENT_MEAN,PREV_DAYS_DECISION_MIN,PREV_DAYS_DECISION_MEAN,PREV_CNT_PAYMENT_MEAN,PREV_CNT_PAYMENT_SUM,PREV_NAME_CONTRACT_STATUS_Refused_MEAN,PREV_NAME_CLIENT_TYPE_New_MEAN,PREV_NAME_CLIENT_TYPE_Repeater_MEAN,PREV_NAME_GOODS_CATEGORY_Furniture_MEAN,PREV_NAME_GOODS_CATEGORY_XNA_MEAN,PREV_NAME_PORTFOLIO_Cars_MEAN,PREV_CHANNEL_TYPE_Car dealer_MEAN,PREV_NAME_SELLER_INDUSTRY_Construction_MEAN,PREV_NAME_YIELD_GROUP_low_action_MEAN,PREV_PRODUCT_COMBINATION_Cash Street: low_MEAN,PREV_PRODUCT_COMBINATION_Cash X-Sell: low_MEAN,APPROVED_AMT_ANNUITY_MIN,APPROVED_AMT_ANNUITY_MEAN,APPROVED_AMT_APPLICATION_MIN,APPROVED_AMT_APPLICATION_MEAN,APPROVED_AMT_CREDIT_MAX,APPROVED_AMT_CREDIT_MEAN,APPROVED_APP_CREDIT_PERC_MAX,APPROVED_HOUR_APPR_PROCESS_START_MIN,APPROVED_HOUR_APPR_PROCESS_START_MEAN,APPROVED_RATE_DOWN_PAYMENT_MAX,APPROVED_DAYS_DECISION_MIN,APPROVED_DAYS_DECISION_MAX,APPROVED_DAYS_DECISION_MEAN,APPROVED_CNT_PAYMENT_SUM,REFUSED_AMT_ANNUITY_MEAN,REFUSED_AMT_APPLICATION_MAX,REFUSED_AMT_GOODS_PRICE_MEAN,REFUSED_DAYS_DECISION_MIN,REFUSED_DAYS_DECISION_MEAN,REFUSED_CNT_PAYMENT_SUM,POS_MONTHS_BALANCE_SIZE,POS_SK_DPD_DEF_MAX,POS_SK_DPD_DEF_MEAN,POS_COUNT,INSTAL_DBD_MAX,INSTAL_DBD_MEAN,INSTAL_PAYMENT_DIFF_MAX,INSTAL_PAYMENT_DIFF_MEAN,INSTAL_PAYMENT_DIFF_VAR,INSTAL_AMT_PAYMENT_MAX,INSTAL_AMT_PAYMENT_SUM,INSTAL_DAYS_ENTRY_PAYMENT_MAX,INSTAL_DAYS_ENTRY_PAYMENT_MEAN,INSTAL_DAYS_ENTRY_PAYMENT_SUM,INSTAL_COUNT,CC_MONTHS_BALANCE_SUM,CC_AMT_BALANCE_MIN,CC_AMT_BALANCE_MAX,CC_AMT_BALANCE_MEAN,CC_AMT_CREDIT_LIMIT_ACTUAL_MIN,CC_AMT_CREDIT_LIMIT_ACTUAL_MEAN,CC_AMT_DRAWINGS_CURRENT_MEAN,CC_AMT_DRAWINGS_CURRENT_SUM,CC_AMT_DRAWINGS_CURRENT_VAR,CC_AMT_DRAWINGS_POS_CURRENT_SUM,CC_AMT_INST_MIN_REGULARITY_MEAN,CC_AMT_INST_MIN_REGULARITY_VAR,CC_AMT_PAYMENT_CURRENT_SUM,CC_AMT_PAYMENT_TOTAL_CURRENT_MEAN,CC_AMT_PAYMENT_TOTAL_CURRENT_SUM,CC_AMT_PAYMENT_TOTAL_CURRENT_VAR,CC_AMT_RECEIVABLE_PRINCIPAL_MIN,CC_AMT_RECEIVABLE_PRINCIPAL_MAX,CC_AMT_RECEIVABLE_PRINCIPAL_SUM,CC_AMT_RECEIVABLE_PRINCIPAL_VAR,CC_AMT_RECIVABLE_MAX,CC_AMT_RECIVABLE_MEAN,CC_AMT_TOTAL_RECEIVABLE_MAX,CC_AMT_TOTAL_RECEIVABLE_MEAN,CC_CNT_DRAWINGS_CURRENT_MAX,CC_CNT_DRAWINGS_CURRENT_MEAN,CC_CNT_DRAWINGS_CURRENT_SUM,CC_CNT_DRAWINGS_POS_CURRENT_SUM,CC_CNT_INSTALMENT_MATURE_CUM_MAX,CC_CNT_INSTALMENT_MATURE_CUM_MEAN,CC_SK_DPD_MAX,CC_SK_DPD_MEAN,CC_SK_DPD_VAR,CC_SK_DPD_DEF_MEAN,CC_NAME_CONTRACT_STATUS_Active_MAX,CC_NAME_CONTRACT_STATUS_Active_VAR,CC_NAME_CONTRACT_STATUS_Demand_MAX,CC_NAME_CONTRACT_STATUS_Demand_MEAN,CC_NAME_CONTRACT_STATUS_Demand_SUM,CC_NAME_CONTRACT_STATUS_Refused_MAX,CC_NAME_CONTRACT_STATUS_Refused_MEAN,CC_NAME_CONTRACT_STATUS_Refused_SUM,CC_NAME_CONTRACT_STATUS_Refused_VAR,CC_NAME_CONTRACT_STATUS_Sent proposal_MAX,CC_NAME_CONTRACT_STATUS_Sent proposal_MEAN,CC_NAME_CONTRACT_STATUS_Sent proposal_SUM,CC_NAME_CONTRACT_STATUS_Sent proposal_VAR,CC_NAME_CONTRACT_STATUS_Signed_MIN,CC_COUNT
100002.0,1.0,0.0,0.0,202500.0,406597.5,24700.5,351000.0,-637.0,-2120.0,0.0,2.0,0.0,0.0,0.0830369673913225,0.2629485927471776,0.1393757800997895,0.0247,0.0369,0.6192,0.0,0.069,0.0369,0.019,0.0,0.0144,0.0,0.125,0.022,0.0,0.0,0.0369,0.6243,0.0144,0.125,0.0375,0.0205,0.0193,0.0,2.0,2.0,1.0,0.0,0.0,0.0,0.0,0.0,0.0,1.0,0.0,1.0,0.0,0.0,0.0,1.0,0.0,0.4980355265342261,0.1219777777777777,0.0607492667810303,-1437.0,-103.0,-874.0,780.0,-349.0,-499.875,1681.029,108131.945625,245781.0,245781.0,-47.0,0.0,0.0,0.0,0.0,-103.0,780.0,780.0,780.0,-15.5,40.5,450000.0,240994.2825,481988.565,122890.5,245781.0,15994.2825,-1437.0,-974.5,-574.8,-661.3333333333334,2091.16125,63844.5,0.0,0.0,9251.775,179055.0,179055.0,179055.0,179055.0,1.0,179055.0,179055.0,0.0,-606.0,-606.0,24.0,24.0,0.0,1.0,0.0,0.0,0.0,0.0,0.0,0.0,0.0,0.0,0.0,9251.775,9251.775,179055.0,179055.0,179055.0,179055.0,1.0,9.0,9.0,0.0,-606.0,-606.0,-606.0,24.0,14584.05,202500.0,184500.0,-642.0,-548.8452380952381,24.0,19.0,0.0,0.0,19.0,31.0,20.42105263157895,0.0,0.0,0.0,53093.745,219625.695,-49.0,-315.42105263157896,-5993.0,19.0,-253.0,0.0,97424.325,26793.606315789475,45000.0,149727.27272727274,3473.671875,146978.505,200953125.0,0.0,1698.935625,3082018.4686575,145804.5,4093.97186440678,123576.75,36799040.59561129,0.0,90000.0,706354.7849999999,740890888.4004157,96837.345,26559.0525,96866.37,26559.800000000003,3.0,0.0,9.0,0.0,8.0,3.888888888888889,0.0,0.0,0.0,0.0,1.0,0.0,0.0,0.0,0.0,0.0,0.0,0.0,0.0,0.0,0.0,0.0,0.0,0.0,22.0
100003.0,0.0,1.0,0.0,270000.0,1293502.5,35698.5,1129500.0,-1188.0,-291.0,0.0,1.0,0.0,0.0,0.3112673113812225,0.6222457752555098,0.5334816299804352,0.0959,0.0529,0.7959999999999999,0.08,0.0345,0.013,0.0549,0.0039,0.0497,0.0806,0.3333,0.079,0.0,0.0,0.0529,0.7987,0.0608,0.3333,0.0132,0.0787,0.0558,0.0039,1.0,1.0,1.0,0.0,0.0,0.0,0.0,0.0,0.0,0.0,1.0,0.0,0.0,0.0,1.0,0.0,1.0,0.2087355841987162,0.1322166666666666,0.0275983231574736,-2586.0,-606.0,-1400.75,1216.0,-544.5,-816.0,0.0,254350.125,0.0,0.0,-57.0,0.0,0.0,0.0,0.0,-606.0,1216.0,1216.0,1216.0,-43.0,0.0,810000.0,810000.0,810000.0,0.0,0.0,810000.0,-2586.0,-1665.6666666666667,-1131.3333333333333,-1073.6666666666667,0.0,69133.5,0.0,0.0,6737.31,68809.5,68053.5,1035882.0,484191.0,0.949329315178998,68809.5,900000.0,0.0500302975712811,-2341.0,-1305.0,10.0,30.0,0.0,0.0,0.3333333333333333,0.3333333333333333,0.3333333333333333,0.0,0.0,0.0,0.0,0.0,0.3333333333333333,6737.31,56553.99,68809.5,435436.5,1035882.0,484191.0,1.0111089069629042,12.0,14.666666666666666,0.1000605951425623,-2341.0,-746.0,-1305.0,30.0,14584.05,202500.0,184500.0,-642.0,-548.8452380952381,24.0,28.0,0.0,0.0,28.0,14.0,7.16,0.0,0.0,0.0,560835.36,1618864.65,-544.0,-1385.32,-34633.0,25.0,-253.0,0.0,97424.325,26793.606315789475,45000.0,149727.27272727274,3473.671875,146978.505,200953125.0,0.0,1698.935625,3082018.4686575,145804.5,4093.97186440678,123576.75,36799040.59561129,0.0,90000.0,706354.7849999999,740890888.4004157,96837.345,26559.0525,96866.37,26559.800000000003,3.0,0.0,9.0,0.0,8.0,3.888888888888889,0.0,0.0,0.0,0.0,1.0,0.0,0.0,0.0,0.0,0.0,0.0,0.0,0.0,0.0,0.0,0.0,0.0,0.0,22.0
100004.0,0.0,0.0,1.0,67500.0,135000.0,6750.0,135000.0,-225.0,-2531.0,1.0,2.0,0.0,0.0,0.5061548086628039,0.5559120833904428,0.7295666907060153,0.088,0.0765,0.7552,0.0,0.1379,0.0482,0.0749,0.0,0.0192,0.0,0.2083,0.0771,0.0,0.0011,0.0761,0.7585,0.021,0.2083,0.0487,0.077,0.0754,0.0,0.0,0.0,0.0,0.0,0.0,0.0,0.0,0.0,0.0,0.0,0.0,1.0,0.0,0.0,0.0,1.0,0.0,0.5,0.1,0.05,-1326.0,-408.0,-867.0,-382.0,-488.5,-532.0,0.0,94518.9,0.0,0.0,-57.0,0.0,0.0,0.0,0.0,-258.0,252.0,1051.0,716.5,-30.0,0.0,450000.0,274500.0,647914.5,147523.5,276048.0,0.0,-1326.0,-867.0,-488.5,-532.0,0.0,94518.9,0.0,0.0,5357.25,24282.0,20106.0,20106.0,20106.0,1.207699194270367,24282.0,24282.0,0.2120076030674443,-815.0,-815.0,4.0,4.0,0.0,1.0,0.0,0.0,0.0,0.0,0.0,0.0,0.0,0.0,0.0,5357.25,5357.25,24282.0,24282.0,20106.0,20106.0,1.207699194270367,5.0,5.0,0.2120076030674443,-815.0,-815.0,-815.0,4.0,14584.05,202500.0,184500.0,-642.0,-548.8452380952381,24.0,4.0,0.0,0.0,4.0,11.0,7.666666666666667,0.0,0.0,0.0,10573.965,21288.465,-727.0,-761.6666666666666,-2285.0,3.0,-253.0,0.0,97424.325,26793.606315789475,45000.0,149727.27272727274,3473.671875,146978.505,200953125.0,0.0,1698.935625,3082018.4686575,145804.5,4093.97186440678,123576.75,36799040.59561129,0.0,90000.0,706354.7849999999,740890888.4004157,96837.345,26559.0525,96866.37,26559.800000000003,3.0,0.0,9.0,0.0,8.0,3.888888888888889,0.0,0.0,0.0,0.0,1.0,0.0,0.0,0.0,0.0,0.0,0.0,0.0,0.0,0.0,0.0,0.0,0.0,0.0,22.0
100006.0,0.0,1.0,0.0,135000.0,312682.5,29686.5,297000.0,-3039.0,-2437.0,0.0,2.0,0.0,0.0,0.5061548086628039,0.6504416904014653,0.5334816299804352,0.088,0.0765,0.7552,0.0,0.1379,0.0482,0.0749,0.0,0.0192,0.0,0.2083,0.0771,0.0,0.0011,0.0761,0.7585,0.021,0.2083,0.0487,0.077,0.0754,0.0,2.0,2.0,1.0,0.0,0.0,0.0,0.0,0.0,0.0,1.0,0.0,1.0,0.0,0.0,0.0,1.0,0.0,0.4317478592501979,0.2199,0.0949413542491185,-1827.0,-300.0,-1050.571428571429,909.0,-135.57777777777778,-481.8333333333333,0.0,195505.92613636365,149455.035,169015.5,-57.0,0.0,0.0,0.0,0.0,-258.0,252.0,1051.0,716.5,-30.0,0.0,450000.0,274500.0,647914.5,147523.5,276048.0,0.0,-2002.0,-1366.5555555555557,-781.0,-761.5,0.0,125100.0,0.0,0.0,2482.92,0.0,0.0,906615.0,291695.5,1.0107628093387502,26912.34,688500.0,0.1634121025409242,-617.0,-272.44444444444446,23.0,138.0,0.1111111111111111,0.1111111111111111,0.8888888888888888,0.0,0.7777777777777778,0.0,0.0,0.1111111111111111,0.0,0.0,0.2222222222222222,2482.92,21842.19,26912.34,352265.868,675000.0,343728.9,1.2500167954316426,12.0,14.4,0.2178298883821148,-617.0,-181.0,-345.6,90.0,32696.1,688500.0,688500.0,-181.0,-181.0,48.0,21.0,0.0,0.0,21.0,77.0,19.375,0.0,0.0,0.0,691786.89,1007153.415,-12.0,-271.625,-4346.0,16.0,-21.0,0.0,0.0,0.0,270000.0,270000.0,0.0,0.0,0.0,0.0,0.0,0.0,0.0,0.0,0.0,0.0,0.0,0.0,0.0,0.0,0.0,0.0,0.0,0.0,0.0,0.0,0.0,0.0,0.0,0.0,0.0,0.0,0.0,0.0,1.0,0.0,0.0,0.0,0.0,0.0,0.0,0.0,0.0,0.0,0.0,0.0,0.0,0.0,6.0
100007.0,0.0,0.0,0.0,121500.0,513000.0,21865.5,513000.0,-3038.0,-3458.0,0.0,2.0,0.0,0.0,0.5061548086628039,0.3227382869704046,0.5334816299804352,0.088,0.0765,0.7552,0.0,0.1379,0.0482,0.0749,0.0,0.0192,0.0,0.2083,0.0771,0.0,0.0011,0.0761,0.7585,0.021,0.2083,0.0487,0.077,0.0754,0.0,0.0,0.0,0.0,0.0,0.0,0.0,1.0,0.0,0.0,0.0,0.0,1.0,0.0,0.0,0.0,1.0,0.0,0.2368421052631578,0.1799629629629629,0.0426228070175438,-1149.0,-1149.0,-1149.0,-783.0,-783.0,-783.0,0.0,146250.0,0.0,0.0,-57.0,0.0,0.0,0.0,0.0,-258.0,252.0,1051.0,716.5,-30.0,0.0,450000.0,274500.0,647914.5,147523.5,276048.0,0.0,-1149.0,-1149.0,-783.0,-783.0,0.0,146250.0,0.0,0.0,1834.29,17176.5,14616.0,284400.0,166638.75,0.9696497277765476,17176.5,247500.0,0.1595164060251766,-2357.0,-1222.8333333333333,20.666666666666668,124.0,0.0,0.1666666666666666,0.8333333333333334,0.0,0.6666666666666666,0.0,0.0,0.0,0.0,0.0,0.0,1834.29,12278.805,17176.5,150530.25,284400.0,166638.75,1.1751847290640394,8.0,12.333333333333334,0.2188898579894888,-2357.0,-374.0,-1222.8333333333333,124.0,14584.05,202500.0,184500.0,-642.0,-548.8452380952381,24.0,66.0,0.0,0.0,66.0,31.0,4.590909090909091,22655.655,452.38431818181823,8084829.772595298,22678.785,806127.975,-14.0,-1032.2424242424242,-68128.0,66.0,-253.0,0.0,97424.325,26793.606315789475,45000.0,149727.27272727274,3473.671875,146978.505,200953125.0,0.0,1698.935625,3082018.4686575,145804.5,4093.97186440678,123576.75,36799040.59561129,0.0,90000.0,706354.7849999999,740890888.4004157,96837.345,26559.0525,96866.37,26559.800000000003,3.0,0.0,9.0,0.0,8.0,3.888888888888889,0.0,0.0,0.0,0.0,1.0,0.0,0.0,0.0,0.0,0.0,0.0,0.0,0.0,0.0,0.0,0.0,0.0,0.0,22.0
100008.0,0.0,0.0,0.0,99000.0,490495.5,27517.5,454500.0,-1588.0,-477.0,1.0,2.0,0.0,0.0,0.5061548086628039,0.3542247319929012,0.6212263380626669,0.088,0.0765,0.7552,0.0,0.1379,0.0482,0.0749,0.0,0.0192,0.0,0.2083,0.0771,0.0,0.0011,0.0761,0.7585,0.021,0.2083,0.0487,0.077,0.0754,0.0,0.0,0.0,1.0,0.0,0.0,0.0,0.0,0.0,1.0,1.0,0.0,0.0,0.0,0.0,0.0,1.0,1.0,0.2018367140982944,0.2779545454545454,0.0561014321232304,-1097.0,-78.0,-757.3333333333334,471.0,-391.3333333333333,-611.0,0.0,156148.5,240057.0,240057.0,-57.0,0.0,0.0,0.0,0.0,-78.0,471.0,471.0,471.0,-16.0,0.0,267606.0,267606.0,267606.0,240057.0,240057.0,0.0,-1097.0,-1097.0,-822.5,-908.5,0.0,100419.75,0.0,0.0,8019.09,0.0,0.0,501975.0,162767.7,1.0300488484384642,44455.5,450000.0,0.0730507075001457,-2536.0,-1192.0,14.0,56.0,0.0,0.2,0.6,0.0,0.4,0.0,0.0,0.0,0.0,0.0,0.0,8019.09,15839.69625,44455.5,194627.25,501975.0,203459.625,1.1126252956414011,9.0,10.5,0.1102430315913462,-2536.0,-370.0,-1469.5,56.0,14584.05,202500.0,184500.0,-642.0,-548.8452380952381,24.0,83.0,0.0,0.0,83.0,28.0,11.514285714285714,11758.995,342.46157142857146,3947669.6352629,432218.295,957617.595,-82.0,-1237.8,-43323.0,35.0,-253.0,0.0,97424.325,26793.606315789475,45000.0,149727.27272727274,3473.671875,146978.505,200953125.0,0.0,1698.935625,3082018.4686575,145804.5,4093.97186440678,123576.75,36799040.59561129,0.0,90000.0,706354.7849999999,740890888.4004157,96837.345,26559.0525,96866.37,26559.800000000003,3.0,0.0,9.0,0.0,8.0,3.888888888888889,0.0,0.0,0.0,0.0,1.0,0.0,0.0,0.0,0.0,0.0,0.0,0.0,0.0,0.0,0.0,0.0,0.0,0.0,22.0
100009.0,0.0,1.0,1.0,171000.0,1560726.0,41301.0,1395000.0,-3130.0,-619.0,0.0,2.0,0.0,0.0,0.7747614130547695,0.7239998516953141,0.4920600938649263,0.088,0.0765,0.7552,0.0,0.1379,0.0482,0.0749,0.0,0.0192,0.0,0.2083,0.0771,0.0,0.0011,0.0761,0.7585,0.021,0.2083,0.0487,0.077,0.0754,0.0,1.0,1.0,0.0,0.0,0.0,0.0,1.0,0.0,1.0,2.0,0.0,1.0,0.0,0.0,1.0,0.0,1.0,0.109564395031543,0.2415263157894736,0.0264626846736711,-2882.0,-239.0,-1271.5,1402.0,-794.9375,-851.6111111111111,0.0,266711.75,557959.5,1077349.5,-57.0,0.0,0.0,0.0,0.0,-239.0,-209.0,1402.0,596.5,-245.75,0.0,642861.0,381890.25,1527561.0,269337.375,1077349.5,0.0,-2882.0,-1465.7142857142858,-993.7142857142856,-1024.7142857142858,0.0,233803.60714285716,0.0,0.0,7435.845,40455.0,38574.0,98239.5,70137.64285714286,1.0954823194633418,40455.0,110160.0,0.1266023051333171,-1562.0,-719.2857142857143,8.0,56.0,0.0,0.0,0.8571428571428571,0.0,0.0,0.0,0.0,0.0,0.1428571428571428,0.0,0.0,7435.845,10051.412142857142,40455.0,76741.71428571429,98239.5,70137.64285714286,1.1910669975186103,11.0,13.714285714285714,0.2095245035525596,-1562.0,-74.0,-719.2857142857143,56.0,14584.05,202500.0,184500.0,-642.0,-548.8452380952381,24.0,64.0,0.0,0.0,64.0,23.0,8.72549019607843,0.0,0.0,0.0,17341.605,487995.12,-58.0,-864.4117647058823,-44085.0,51.0,-253.0,0.0,97424.325,26793.606315789475,45000.0,149727.27272727274,3473.671875,146978.505,200953125.0,0.0,1698.935625,3082018.4686575,145804.5,4093.97186440678,123576.75,36799040.59561129,0.0,90000.0,706354.7849999999,740890888.4004157,96837.345,26559.0525,96866.37,26559.800000000003,3.0,0.0,9.0,0.0,8.0,3.888888888888889,0.0,0.0,0.0,0.0,1.0,0.0,0.0,0.0,0.0,0.0,0.0,0.0,0.0,0.0,0.0,0.0,0.0,0.0,22.0
100010.0,0.0,0.0,1.0,360000.0,1530000.0,42075.0,1530000.0,-449.0,-2379.0,1.0,3.0,0.0,0.0,0.5061548086628039,0.7142792864482229,0.5406544504453575,0.088,0.0765,0.7552,0.0,0.1379,0.0482,0.0749,0.0,0.0192,0.0,0.2083,0.0771,0.0,0.0011,0.0761,0.7585,0.021,0.2083,0.0487,0.077,0.0754,0.0,2.0,2.0,1.0,0.0,0.0,0.0,0.0,0.0,0.0,0.0,0.0,1.0,0.0,0.0,1.0,0.0,1.0,0.2352941176470588,0.116875,0.0275,-2741.0,-1138.0,-1939.5,689.0,-119.5,-578.0,0.0,495000.0,348007.5,348007.5,-90.0,0.0,0.0,0.0,0.0,-1138.0,689.0,689.0,689.0,-18.0,0.0,675000.0,675000.0,675000.0,348007.5,348007.5,0.0,-2741.0,-2741.0,-928.0,-1138.0,0.0,315000.0,0.0,0.0,27463.41,247212.0,260811.0,260811.0,260811.0,0.9478587942993202,247212.0,247212.0,0.0,-1070.0,-1070.0,10.0,10.0,0.0,1.0,0.0,1.0,0.0,0.0,0.0,0.0,1.0,0.0,0.0,27463.41,27463.41,247212.0,247212.0,260811.0,260811.0,0.9478587942993202,16.0,16.0,0.0,-1070.0,-1070.0,-1070.0,10.0,14584.05,202500.0,184500.0,-642.0,-548.8452380952381,24.0,11.0,0.0,0.0,11.0,30.0,11.9,0.0,0.0,0.0,27463.41,274492.08,-774.0,-915.9,-9159.0,10.0,-253.0,0.0,97424.325,26793.606315789475,45000.0,149727.27272727274,3473.671875,146978.505,200953125.0,0.0,1698.935625,3082018.4686575,145804.5,4093.97186440678,123576.75,36799040.59561129,0.0,90000.0,706354.7849999999,740890888.4004157,96837.345,26559.0525,96866.37,26559.800000000003,3.0,0.0,9.0,0.0,8.0,3.888888888888889,0.0,0.0,0.0,0.0,1.0,0.0,0.0,0.0,0.0,0.0,0.0,0.0,0.0,0.0,0.0,0.0,0.0,0.0,22.0
100011.0,0.0,1.0,0.0,112500.0,1019610.0,33826.5,913500.0,-1648.0,-3514.0,0.0,2.0,0.0,0.0,0.5873340468730377,0.2057472880073281,0.7517237147741489,0.088,0.0765,0.7552,0.0,0.1379,0.0482,0.0749,0.0,0.0192,0.0,0.2083,0.0771,0.0,0.0011,0.0761,0.7585,0.021,0.2083,0.0487,0.077,0.0754,0.0,1.0,1.0,1.0,0.0,0.0,0.0,0.0,0.0,0.0,1.0,0.0,0.0,1.0,0.0,0.0,1.0,1.0,0.1103363050578162,0.30068,0.0331759202047841,-2508.0,-1309.0,-1773.0,-860.0,-1293.25,-1454.75,5073.615,108807.075,0.0,0.0,-57.0,0.0,0.0,0.0,0.0,-258.0,252.0,1051.0,716.5,-30.0,0.0,450000.0,274500.0,647914.5,147523.5,276048.0,0.0,-2508.0,-1773.0,-1293.25,-1454.75,5073.615,108807.075,0.0,0.0,9000.0,0.0,0.0,732915.0,261840.375,0.6440084027696462,0.0,675000.0,0.05000522275463,-2508.0,-1784.5,14.0,42.0,0.25,0.25,0.75,0.0,0.75,0.0,0.0,0.0,0.25,0.25,0.0,9000.0,18303.195,0.0,270310.5,732915.0,349120.5,1.0110452856712522,10.0,12.666666666666666,0.10001044550926,-2508.0,-1189.0,-1992.0,42.0,14584.05,0.0,0.0,-1162.0,-1162.0,0.0,75.0,9.0,0.3466666666666667,75.0,32.0,4.807692307692308,30833.685,2246.821961538461,47524098.85713626,46485.0,1472756.175,-37.0,-1150.923076923077,-149620.0,130.0,-2849.0,0.0,189000.0,54482.11114864865,90000.0,164189.1891891892,2432.4324324324325,180000.0,437837837.8378379,0.0,3956.221849315069,20139906.432849653,358386.75,4520.067567567568,334485.0,55858772.94057756,0.0,180000.0,3877754.58,4324222845.490875,189000.0,54433.17912162162,189000.0,54433.17912162162,4.0,0.054054054054054,4.0,0.0,33.0,25.767123287671232,0.0,0.0,0.0,0.0,1.0,0.0,0.0,0.0,0.0,0.0,0.0,0.0,0.0,0.0,0.0,0.0,0.0,0.0,74.0
100012.0,0.0,0.0,0.0,135000.0,405000.0,20250.0,405000.0,-2019.0,-3992.0,0.0,2.0,0.0,0.0,0.5061548086628039,0.7466436294590924,0.5334816299804352,0.088,0.0765,0.7552,0.0,0.1379,0.0482,0.0749,0.0,0.0192,0.0,0.2083,0.0771,0.0,0.0011,0.0761,0.7585,0.021,0.2083,0.0487,0.077,0.0754,0.0,2.0,2.0,0.0,0.0,0.0,0.0,0.0,0.0,0.0,1.0,0.0,1.0,0.0,0.0,0.0,1.0,0.0,0.3333333333333333,0.15,0.05,-1827.0,-300.0,-1050.571428571429,909.0,-135.57777777777778,-481.8333333333333,0.0,195505.92613636365,149455.035,169015.5,-57.0,0.0,0.0,0.0,0.0,-258.0,252.0,1051.0,716.5,-30.0,0.0,450000.0,274500.0,647914.5,147523.5,276048.0,0.0,-2002.0,-1366.5555555555557,-781.0,-761.5,0.0,125100.0,0.0,0.0,3012.075,0.0,0.0,158508.0,74119.5,0.8097510205471637,18720.0,135000.0,0.0,-1673.0,-779.75,18.0,54.0,0.0,0.25,0.75,0.0,0.75,0.0,0.0,0.0,0.0,0.0,0.0,3012.075,7894.155,18720.0,81240.0,158508.0,98826.0,0.8516920281626164,9.0,12.333333333333334,0.0,-1673.0,-507.0,-1004.0,54.0,14584.05,202500.0,184500.0,-642.0,-548.8452380952381,24.0,46.0,0.0,0.0,46.0,90.0,25.875,10174.05,-866.7825000000001,55178748.54518937,58687.245,501661.71,-151.0,-690.3125,-33135.0,48.0,-253.0,0.0,97424.325,26793.606315789475,45000.0,149727.27272727274,3473.671875,146978.505,200953125.0,0.0,1698.935625,3082018.4686575,145804.5,4093.97186440678,123576.75,36799040.59561129,0.0,90000.0,706354.7849999999,740890888.4004157,96837.345,26559.0525,96866.37,26559.800000000003,3.0,0.0,9.0,0.0,8.0,3.888888888888889,0.0,0.0,0.0,0.0,1.0,0.0,0.0,0.0,0.0,0.0,0.0,0.0,0.0,0.0,0.0,0.0,0.0,0.0,22.0
100014.0,0.0,1.0,0.0,112500.0,652500.0,21177.0,652500.0,-679.0,-738.0,0.0,2.0,0.0,0.0,0.3197601716755032,0.6518623334244781,0.363945238612397,0.088,0.0765,0.7552,0.0,0.1379,0.0482,0.0749,0.0,0.0192,0.0,0.2083,0.0771,0.0,0.0011,0.0761,0.7585,0.021,0.2083,0.0487,0.077,0.0754,0.0,0.0,0.0,1.0,0.0,0.0,0.0,0.0,0.0,0.0,0.0,0.0,1.0,0.0,0.0,1.0,0.0,1.0,0.1724137931034483,0.18824,0.0324551724137931,-2308.0,-376.0,-1095.375,723.0,-387.375,-615.875,3726.3525,341241.553125,420201.0,758214.0,-57.0,0.0,0.0,0.0,0.0,-376.0,704.0,723.0,713.5,-29.5,6376.14,571500.0,502875.0,1005750.0,379107.0,758214.0,0.0,-2308.0,-1327.3333333333333,-754.3333333333334,-811.3333333333334,2401.45875,287363.7375,0.0,0.0,11567.475,73800.0,73800.0,131868.0,102834.0,0.9522420147420148,73800.0,119272.5,0.0,-844.0,-473.0,9.0,18.0,0.0,0.5,0.5,0.0,0.0,0.0,0.0,0.0,0.5,0.0,0.0,11567.475,12806.55,73800.0,96536.25,131868.0,102834.0,1.0,13.0,13.5,0.0,-844.0,-102.0,-473.0,18.0,14584.05,202500.0,184500.0,-642.0,-548.8452380952381,24.0,16.0,0.0,0.0,16.0,30.0,9.263157894736842,11037.375,3043.0089473684216,19353847.645646054,14045.625,166880.745,-36.0,-584.4736842105264,-11105.0,19.0,-253.0,0.0,97424.325,26793.606315789475,45000.0,149727.27272727274,3473.671875,146978.505,200953125.0,0.0,1698.935625,3082018.4686575,145804.5,4093.97186440678,123576.75,36799040.59561129,0.0,90000.0,706354.7849999999,740890888.4004157,96837.345,26559.0525,96866.37,26559.800000000003,3.0,0.0,9.0,0.0,8.0,3.888888888888889,0.0,0.0,0.0,0.0,1.0,0.0,0.0,0.0,0.0,0.0,0.0,0.0,0.0,0.0,0.0,0.0,0.0,0.0,22.0
100015.0,0.0,1.0,0.0,38419.155,148365.0,10678.5,135000.0,-1648.0,-2512.0,0.0,2.0,0.0,0.0,0.7220444501416448,0.5551831615131809,0.6528965519806539,0.088,0.0765,0.7552,0.0,0.1379,0.0482,0.0749,0.0,0.0192,0.0,0.2083,0.0771,0.0,0.0011,0.0761,0.7585,0.021,0.2083,0.0487,0.077,0.0754,0.0,0.0,0.0,0.0,0.0,0.0,1.0,0.0,0.0,0.0,2.0,0.0,0.0,1.0,0.0,0.0,1.0,1.0,0.2589502578101304,0.2779472895746926,0.0719745222929936,-1409.0,-319.0,-947.75,-16.0,-598.25,-551.25,0.0,102373.875,0.0,0.0,-57.0,0.0,0.0,0.0,0.0,-258.0,252.0,1051.0,716.5,-30.0,0.0,450000.0,274500.0,647914.5,147523.5,276048.0,0.0,-1409.0,-947.75,-598.25,-551.25,0.0,102373.875,0.0,0.0,7666.92,68850.0,67077.0,67077.0,67077.0,1.0264323091372602,68850.0,68850.0,0.1013816677360118,-2396.0,-2396.0,10.0,10.0,0.0,1.0,0.0,1.0,0.0,0.0,0.0,0.0,0.0,0.0,0.0,7666.92,7666.92,68850.0,68850.0,67077.0,67077.0,1.0264323091372602,8.0,8.0,0.1013816677360118,-2396.0,-2396.0,-2396.0,10.0,14584.05,202500.0,184500.0,-642.0,-548.8452380952381,24.0,11.0,13.0,1.181818181818182,11.0,29.0,15.0,0.0,0.0,0.0,7666.92,76586.805,-2108.0,-2237.9,-22379.0,10.0,-253.0,0.0,97424.325,26793.606315789475,45000.0,149727.27272727274,3473.671875,146978.505,200953125.0,0.0,1698.935625,3082018.4686575,145804.5,4093.97186440678,123576.75,36799040.59561129,0.0,90000.0,706354.7849999999,740890888.4004157,96837.345,26559.0525,96866.37,26559.800000000003,3.0,0.0,9.0,0.0,8.0,3.888888888888889,0.0,0.0,0.0,0.0,1.0,0.0,0.0,0.0,0.0,0.0,0.0,0.0,0.0,0.0,0.0,0.0,0.0,0.0,22.0
100016.0,0.0,1.0,0.0,67500.0,80865.0,5881.5,67500.0,-2717.0,-3227.0,1.0,2.0,0.0,0.0,0.4648311169632833,0.7150418188660659,0.1766525794312139,0.0825,0.0765,0.7552,0.0,0.2069,0.0135,0.0778,0.0,0.0192,0.0,0.2083,0.0771,0.0,0.0,0.0761,0.7585,0.021,0.2083,0.0137,0.077,0.0792,0.0,0.0,0.0,1.0,0.0,0.0,0.0,0.0,0.0,0.0,0.0,0.0,1.0,0.0,0.0,0.0,1.0,1.0,0.8347245409015025,0.0871333333333333,0.0727323316638842,-1634.0,-128.0,-618.4285714285714,845.0,-217.14285714285717,-405.8571428571428,0.0,67854.85714285714,63724.5,63724.5,-57.0,0.0,0.0,0.0,0.0,-128.0,223.0,845.0,381.75,-15.0,0.0,91264.5,84189.375,336757.5,31862.25,63724.5,0.0,-1634.0,-1218.6666666666667,-1015.6666666666666,-927.0,0.0,46075.5,0.0,0.0,6042.915,47115.0,42403.5,232200.0,106221.375,1.0677480132865984,47115.0,290250.0,0.0816818181818181,-2370.0,-1779.5,17.0,68.0,0.0,0.0,1.0,0.0,0.0,0.0,0.0,0.0,0.0,0.0,0.0,6042.915,8593.154999999999,47115.0,120745.125,232200.0,106221.375,1.25,12.0,13.0,0.2178181818181818,-2370.0,-1049.0,-1779.5,68.0,14584.05,202500.0,184500.0,-642.0,-548.8452380952381,24.0,67.0,0.0,0.0,67.0,16.0,4.905405405405405,14476.5,2348.1827027027025,28860214.06560356,102028.14,620981.82,-539.0,-1297.581081081081,-96021.0,74.0,-253.0,0.0,97424.325,26793.606315789475,45000.0,149727.27272727274,3473.671875,146978.505,200953125.0,0.0,1698.935625,3082018.4686575,145804.5,4093.97186440678,123576.75,36799040.59561129,0.0,90000.0,706354.7849999999,740890888.4004157,96837.345,26559.0525,96866.37,26559.800000000003,3.0,0.0,9.0,0.0,8.0,3.888888888888889,0.0,0.0,0.0,0.0,1.0,0.0,0.0,0.0,0.0,0.0,0.0,0.0,0.0,0.0,0.0,0.0,0.0,0.0,22.0
100017.0,0.0,0.0,1.0,225000.0,918468.0,28966.5,697500.0,-3028.0,-4911.0,0.0,2.0,0.0,0.0,0.5061548086628039,0.5669066132460429,0.7700870700124128,0.1474,0.0973,0.7348,0.16,0.1379,0.0931,0.1397,0.0,0.0587,0.1611,0.375,0.1313,0.0,0.0,0.0973,0.7383,0.0585,0.375,0.0947,0.1223,0.1422,0.0,0.0,0.0,1.0,0.0,0.0,0.0,0.0,0.0,0.0,1.0,0.0,1.0,0.0,0.0,0.0,1.0,1.0,0.2449731509426566,0.12874,0.0315378434523576,-2881.0,-909.0,-1944.3333333333333,197.0,-1512.3333333333333,-1594.3333333333333,0.0,143295.0,0.0,0.0,-57.0,0.0,0.0,0.0,0.0,-258.0,252.0,1051.0,716.5,-30.0,0.0,450000.0,274500.0,647914.5,147523.5,276048.0,0.0,-2881.0,-1944.3333333333333,-1512.3333333333333,-1594.3333333333333,0.0,143295.0,0.0,0.0,11783.52,158040.0,152721.0,198409.5,175565.25,1.0095553613964423,158040.0,195291.0,0.1065294460046603,-2441.0,-1526.5,17.0,34.0,0.0,0.5,0.0,0.5,0.0,0.0,0.0,0.0,0.0,0.0,0.0,11783.52,14375.4075,158040.0,176665.5,198409.5,175565.25,1.034828216158878,15.0,16.5,0.1109257205079249,-2441.0,-612.0,-1526.5,34.0,14584.05,202500.0,184500.0,-642.0,-548.8452380952381,24.0,31.0,0.0,0.0,31.0,24.0,10.866666666666667,0.0,0.0,0.0,16967.295,405267.615,-21.0,-962.5333333333332,-28876.0,30.0,-253.0,0.0,97424.325,26793.606315789475,45000.0,149727.27272727274,3473.671875,146978.505,200953125.0,0.0,1698.935625,3082018.4686575,145804.5,4093.97186440678,123576.75,36799040.59561129,0.0,90000.0,706354.7849999999,740890888.4004157,96837.345,26559.0525,96866.37,26559.800000000003,3.0,0.0,9.0,0.0,8.0,3.888888888888889,0.0,0.0,0.0,0.0,1.0,0.0,0.0,0.0,0.0,0.0,0.0,0.0,0.0,0.0,0.0,0.0,0.0,0.0,22.0
100018.0,0.0,1.0,0.0,189000.0,773680.5,32778.0,679500.0,-203.0,-2056.0,0.0,1.0,0.0,0.0,0.7219397686622343,0.6426562048311103,0.5334816299804352,0.3495,0.1335,0.9796,0.4,0.1724,0.1758,0.3774,0.0193,0.1153,0.4028,0.7083,0.3113,0.0195,0.106,0.1335,0.9799,0.115,0.7083,0.1789,0.2899,0.3842,0.0194,0.0,0.0,1.0,0.0,0.0,0.0,0.0,0.0,0.0,1.0,0.0,1.0,0.0,0.0,0.0,1.0,1.0,0.2442868858656771,0.1734285714285714,0.0423663256344188,-1827.0,-300.0,-1050.571428571429,909.0,-135.57777777777778,-481.8333333333333,0.0,195505.92613636365,149455.035,169015.5,-57.0,0.0,0.0,0.0,0.0,-258.0,252.0,1051.0,716.5,-30.0,0.0,450000.0,274500.0,647914.5,147523.5,276048.0,0.0,-2002.0,-1366.5555555555557,-781.0,-761.5,0.0,125100.0,0.0,0.0,4180.365,36805.365,36805.365,536364.0,285989.59125,0.9935871388594194,36805.365,571774.5,0.0272292012927219,-1648.0,-755.25,10.0,40.0,0.0,0.25,0.5,0.0,0.0,0.0,0.0,0.5,0.0,0.0,0.0,4180.365,38669.70375,36805.365,298363.46625,536364.0,285989.59125,1.111119855886108,14.0,15.25,0.1089168051708877,-1648.0,-188.0,-755.25,40.0,14584.05,202500.0,184500.0,-642.0,-548.8452380952381,24.0,25.0,0.0,0.0,25.0,21.0,6.875,0.0,0.0,0.0,94906.035,1178751.42,-40.0,-1004.2083333333334,-24101.0,24.0,-253.0,0.0,97424.325,26793.606315789475,45000.0,149727.27272727274,3473.671875,146978.505,200953125.0,0.0,1698.935625,3082018.4686575,145804.5,4093.97186440678,123576.75,36799040.59561129,0.0,90000.0,706354.7849999999,740890888.4004157,96837.345,26559.0525,96866.37,26559.800000000003,3.0,0.0,9.0,0.0,8.0,3.888888888888889,0.0,0.0,0.0,0.0,1.0,0.0,0.0,0.0,0.0,0.0,0.0,0.0,0.0,0.0,0.0,0.0,0.0,0.0,22.0
100019.0,0.0,0.0,1.0,157500.0,299772.0,20160.0,247500.0,-1157.0,-1368.0,0.0,3.0,0.0,1.0,0.1156343372622997,0.34663398139668,0.6785676886853644,0.088,0.0765,0.7552,0.0,0.1379,0.0482,0.0749,0.0,0.0192,0.0,0.2083,0.0771,0.0,0.0011,0.0761,0.7585,0.021,0.2083,0.0487,0.077,0.0754,0.0,0.0,0.0,0.0,0.0,0.0,0.0,1.0,0.0,0.0,1.0,1.0,0.0,0.0,0.0,0.0,1.0,0.0,0.5253993034706377,0.128,0.0672511108442416,-495.0,-495.0,-495.0,10463.0,5441.0,-26.5,0.0,360000.0,245470.14,245470.14,-16.0,0.0,0.0,0.0,0.0,-495.0,419.0,10463.0,5441.0,-26.5,0.0,450000.0,360000.0,720000.0,122735.07,245470.14,135000.0,-2002.0,-1366.5555555555557,-781.0,-761.5,0.0,125100.0,0.0,0.0,10518.615,84136.5,104683.5,104683.5,104683.5,0.8037226497012423,84136.5,84136.5,0.0,-925.0,-925.0,12.0,12.0,0.0,1.0,0.0,0.0,0.0,0.0,0.0,0.0,0.0,0.0,0.0,10518.615,10518.615,84136.5,84136.5,104683.5,104683.5,0.8037226497012423,10.0,10.0,0.0,-925.0,-925.0,-925.0,12.0,14584.05,202500.0,184500.0,-642.0,-548.8452380952381,24.0,8.0,0.0,0.0,8.0,66.0,30.5,0.0,-5546.16,144347093.78509286,44369.28,165093.03,-716.0,-827.0,-6616.0,8.0,-253.0,0.0,97424.325,26793.606315789475,45000.0,149727.27272727274,3473.671875,146978.505,200953125.0,0.0,1698.935625,3082018.4686575,145804.5,4093.97186440678,123576.75,36799040.59561129,0.0,90000.0,706354.7849999999,740890888.4004157,96837.345,26559.0525,96866.37,26559.800000000003,3.0,0.0,9.0,0.0,8.0,3.888888888888889,0.0,0.0,0.0,0.0,1.0,0.0,0.0,0.0,0.0,0.0,0.0,0.0,0.0,0.0,0.0,0.0,0.0,0.0,22.0
100020.0,0.0,0.0,0.0,108000.0,509602.5,26149.5,387000.0,-1317.0,-3866.0,0.0,2.0,0.0,1.0,0.5061548086628039,0.2363778398884225,0.0621030378372968,0.088,0.0765,0.7552,0.0,0.1379,0.0482,0.0749,0.0,0.0192,0.0,0.2083,0.0771,0.0,0.0011,0.0761,0.7585,0.021,0.2083,0.0487,0.077,0.0754,0.0,0.0,0.0,1.0,0.0,0.0,0.0,0.0,0.0,1.0,0.0,0.0,1.0,0.0,0.0,0.0,1.0,1.0,0.2119298865292065,0.242125,0.0513135237758841,-492.0,-90.0,-261.5,277.0,-32.5,-130.75,0.0,49871.25,117243.0,123088.5,-57.0,0.0,0.0,0.0,0.0,-90.0,8.0,277.0,142.5,-40.0,0.0,135000.0,75600.0,151200.0,61544.25,123088.5,0.0,-492.0,-390.0,-207.5,-221.5,0.0,24142.5,0.0,0.0,5729.265,32512.5,35086.5,48325.5,41706.0,0.938223778839682,32512.5,45900.0,0.0,-472.0,-357.5,7.0,14.0,0.0,0.5,0.5,0.0,0.0,0.0,0.0,0.0,0.0,0.0,0.0,5729.265,7254.5175,32512.5,39206.25,48325.5,41706.0,0.9498091069932024,10.0,10.5,0.0,-472.0,-243.0,-357.5,14.0,14584.05,202500.0,184500.0,-642.0,-548.8452380952381,24.0,14.0,0.0,0.0,14.0,18.0,8.615384615384615,0.0,0.0,0.0,8779.77,92780.46,-35.0,-242.69230769230768,-3155.0,13.0,-253.0,0.0,97424.325,26793.606315789475,45000.0,149727.27272727274,3473.671875,146978.505,200953125.0,0.0,1698.935625,3082018.4686575,145804.5,4093.97186440678,123576.75,36799040.59561129,0.0,90000.0,706354.7849999999,740890888.4004157,96837.345,26559.0525,96866.37,26559.800000000003,3.0,0.0,9.0,0.0,8.0,3.888888888888889,0.0,0.0,0.0,0.0,1.0,0.0,0.0,0.0,0.0,0.0,0.0,0.0,0.0,0.0,0.0,0.0,0.0,0.0,22.0
100021.0,0.0,1.0,0.0,81000.0,270000.0,13500.0,270000.0,-191.0,-2427.0,0.0,2.0,0.0,1.0,0.5061548086628039,0.6835133461914255,0.5334816299804352,0.088,0.0765,0.7552,0.0,0.1379,0.0482,0.0749,0.0,0.0192,0.0,0.2083,0.0771,0.0,0.0011,0.0761,0.7585,0.021,0.2083,0.0487,0.077,0.0754,0.0,4.0,4.0,0.0,0.0,0.0,0.0,0.0,0.0,0.0,1.0,0.0,1.0,0.0,0.0,0.0,1.0,1.0,0.3,0.1666666666666666,0.05,-1827.0,-300.0,-1050.571428571429,909.0,-135.57777777777778,-481.8333333333333,0.0,195505.92613636365,149455.035,169015.5,-57.0,0.0,0.0,0.0,0.0,-258.0,252.0,1051.0,716.5,-30.0,0.0,450000.0,274500.0,647914.5,147523.5,276048.0,0.0,-2002.0,-1366.5555555555557,-781.0,-761.5,0.0,125100.0,0.0,0.0,2709.45,0.0,13500.0,675000.0,153615.75,0.9117713727871444,22428.0,99189.0,0.1066061776681036,-2811.0,-943.8333333333334,7.0,42.0,0.0,0.1666666666666666,0.6666666666666666,0.0,0.1666666666666666,0.0,0.0,0.0,0.0,0.0,0.0,2709.45,10686.165,0.0,40961.25,675000.0,153615.75,1.661333333333333,14.0,15.666666666666666,0.4335385962352253,-2811.0,-261.0,-943.8333333333334,42.0,14584.05,202500.0,184500.0,-642.0,-548.8452380952381,24.0,27.0,0.0,0.0,27.0,46.0,14.73913043478261,0.0,0.0,0.0,52236.18,208357.515,-66.0,-1023.217391304348,-23534.0,23.0,-170.0,0.0,0.0,0.0,675000.0,675000.0,0.0,0.0,0.0,0.0,0.0,0.0,0.0,0.0,0.0,0.0,0.0,0.0,0.0,0.0,0.0,0.0,0.0,0.0,0.0,0.0,0.0,0.0,0.0,0.0,0.0,0.0,0.0,0.0,1.0,0.2573529411764705,0.0,0.0,0.0,0.0,0.0,0.0,0.0,0.0,0.0,0.0,0.0,0.0,17.0
100022.0,0.0,1.0,0.0,112500.0,157500.0,7875.0,157500.0,-7804.0,-1259.0,0.0,1.0,0.0,0.0,0.5061548086628039,0.7064284028871654,0.5567274263630174,0.0278,0.0617,0.8368,0.0,0.1034,0.0279,0.029,0.0,0.0018,0.0,0.125,0.0248,0.0,0.0,0.0617,0.8390000000000001,0.0018,0.125,0.0284,0.0231,0.0295,0.0,8.0,8.0,1.0,0.0,0.0,0.0,0.0,0.0,0.0,0.0,0.0,0.0,0.0,0.0,0.0,1.0,0.0,0.7142857142857143,0.07,0.05,-385.0,-289.0,-337.0,1439.0,940.0,-28.0,0.0,528750.0,205276.5,205276.5,-57.0,0.0,0.0,0.0,0.0,-289.0,441.0,1439.0,940.0,-28.0,0.0,765000.0,528750.0,1057500.0,205276.5,205276.5,0.0,-2002.0,-1366.5555555555557,-781.0,-761.5,0.0,125100.0,0.0,0.0,6765.975,89091.0,103203.0,103203.0,103203.0,0.8632597889596233,89091.0,89091.0,0.0,-239.0,-239.0,18.0,18.0,0.0,1.0,0.0,0.0,0.0,0.0,0.0,0.0,0.0,0.0,0.0,6765.975,6765.975,89091.0,89091.0,103203.0,103203.0,0.8632597889596233,18.0,18.0,0.0,-239.0,-239.0,-239.0,18.0,14584.05,202500.0,184500.0,-642.0,-548.8452380952381,24.0,7.0,0.0,0.0,7.0,27.0,23.428571428571427,0.0,0.0,0.0,6765.975,47361.825,-51.0,-142.42857142857142,-997.0,7.0,-253.0,0.0,97424.325,26793.606315789475,45000.0,149727.27272727274,3473.671875,146978.505,200953125.0,0.0,1698.935625,3082018.4686575,145804.5,4093.97186440678,123576.75,36799040.59561129,0.0,90000.0,706354.7849999999,740890888.4004157,96837.345,26559.0525,96866.37,26559.800000000003,3.0,0.0,9.0,0.0,8.0,3.888888888888889,0.0,0.0,0.0,0.0,1.0,0.0,0.0,0.0,0.0,0.0,0.0,0.0,0.0,0.0,0.0,0.0,0.0,0.0,22.0
100023.0,0.0,1.0,0.0,90000.0,544491.0,17563.5,454500.0,-2038.0,-3964.0,1.0,2.0,0.0,0.0,0.5061548086628039,0.5866171400119664,0.4776491548517548,0.088,0.0765,0.7552,0.0,0.1379,0.0482,0.0749,0.0,0.0192,0.0,0.2083,0.0771,0.0,0.0011,0.0761,0.7585,0.021,0.2083,0.0487,0.077,0.0754,0.0,0.0,0.0,1.0,0.0,0.0,0.0,0.0,0.0,0.0,2.0,0.0,1.0,0.0,0.0,1.0,0.0,0.0,0.1652919882973272,0.19515,0.0322567315162234,-2624.0,-157.0,-1164.3846153846157,1669.0,-364.9166666666667,-634.0769230769231,2720.85,126591.71884615385,70443.0,137038.5,-57.0,0.0,0.0,0.0,0.0,-157.0,-1250.0,1669.0,313.0,-177.0,0.0,444078.0,164428.875,657715.5,28081.125,112324.5,0.0,-2624.0,-1174.6666666666667,-703.875,-837.2222222222222,4081.275,109775.205,24714.0,24714.0,2250.0,45000.0,45000.0,239242.5,113517.0,0.939695541766476,45000.0,180000.0,0.0986694520184929,-2424.0,-1215.75,12.5,50.0,0.0,0.0,0.75,0.0,0.5,0.0,0.0,0.0,0.0,0.0,0.0,2250.0,8895.8925,45000.0,98746.875,239242.5,113517.0,1.0264084507042253,9.0,10.0,0.101379530576401,-2424.0,-262.0,-1215.75,50.0,14584.05,202500.0,184500.0,-642.0,-548.8452380952381,24.0,29.0,0.0,0.0,29.0,43.0,15.653846153846152,0.0,0.0,0.0,231819.525,493547.085,-166.0,-1622.8846153846157,-42195.0,26.0,-60.0,0.0,0.0,0.0,45000.0,135000.0,0.0,0.0,0.0,0.0,0.0,0.0,0.0,0.0,0.0,0.0,0.0,0.0,0.0,0.0,0.0,0.0,0.0,0.0,0.0,0.0,0.0,0.0,0.0,0.0,0.0,0.0,0.0,0.0,1.0,0.0,0.0,0.0,0.0,0.0,0.0,0.0,0.0,0.0,0.0,0.0,0.0,0.0,8.0
100024.0,0.0,0.0,1.0,135000.0,427500.0,21375.0,427500.0,-4286.0,-1800.0,0.0,2.0,0.0,0.0,0.5656548824667073,0.113374512719927,0.5334816299804352,0.0722,0.0801,0.7008,0.0,0.1379,0.0534,0.0619,0.0,0.0192,0.0,0.0417,0.0643,0.0,0.0,0.0801,0.7048,0.021,0.0417,0.0543,0.0599,0.063,0.0,0.0,0.0,0.0,0.0,0.0,0.0,0.0,0.0,0.0,1.0,0.0,1.0,0.0,0.0,0.0,1.0,1.0,0.3157894736842105,0.1583333333333333,0.05,-1827.0,-300.0,-1050.571428571429,909.0,-135.57777777777778,-481.8333333333333,0.0,195505.92613636365,149455.035,169015.5,-57.0,0.0,0.0,0.0,0.0,-258.0,252.0,1051.0,716.5,-30.0,0.0,450000.0,274500.0,647914.5,147523.5,276048.0,0.0,-2002.0,-1366.5555555555557,-781.0,-761.5,0.0,125100.0,0.0,0.0,5721.975,18373.5,23805.0,225000.0,117450.0,1.0,45630.9,202601.25,0.0,-1502.0,-789.0,12.0,36.0,0.0,0.0,0.0,0.0,0.0,0.0,0.0,0.0,0.0,0.0,0.0,5998.68,11373.76125,45000.0,113226.75,182214.0,125565.0,1.0,11.0,13.0,0.0,-1490.0,-434.0,-940.5,30.0,14584.05,202500.0,184500.0,-642.0,-548.8452380952381,24.0,22.0,0.0,0.0,22.0,31.0,10.11904761904762,0.0,0.0,0.0,36000.0,318610.125,-66.0,-807.5744680851063,-21127.0,25.0,-253.0,0.0,97424.325,26793.606315789475,45000.0,149727.27272727274,3473.671875,146978.505,200953125.0,0.0,1698.935625,3082018.4686575,145804.5,4093.97186440678,123576.75,36799040.59561129,0.0,90000.0,706354.7849999999,740890888.4004157,96837.345,26559.0525,96866.37,26559.800000000003,3.0,0.0,9.0,0.0,8.0,3.888888888888889,0.0,0.0,0.0,0.0,1.0,0.0,0.0,0.0,0.0,0.0,0.0,0.0,0.0,0.0,0.0,0.0,0.0,0.0,22.0
100025.0,0.0,1.0,1.0,202500.0,1132573.5,37561.5,927000.0,-1652.0,-2299.0,0.0,2.0,0.0,0.0,0.4377090198475417,0.2337669575081463,0.5424451438613613,0.088,0.0765,0.7552,0.0,0.1379,0.0482,0.0749,0.0,0.0192,0.0,0.2083,0.0771,0.0,0.0011,0.0761,0.7585,0.021,0.2083,0.0487,0.077,0.0754,0.0,0.0,0.0,1.0,0.0,0.0,0.0,0.0,0.0,1.0,4.0,0.0,1.0,0.0,0.0,0.0,1.0,1.0,0.1787963430187974,0.1854888888888889,0.0331647350039533,-700.0,-700.0,-700.0,1124.0,1124.0,-49.0,0.0,2452500.0,1886544.0,1886544.0,-57.0,0.0,0.0,0.0,0.0,-700.0,1124.0,1124.0,1124.0,-49.0,0.0,2452500.0,2452500.0,2452500.0,1886544.0,1886544.0,0.0,-2002.0,-1366.5555555555557,-781.0,-761.5,0.0,125100.0,0.0,0.0,7159.545,0.0,0.0,1042560.0,295425.781875,0.9792677902765308,58455.0,900000.0,0.1057662298825576,-2060.0,-731.0,13.714285714285714,96.0,0.0,0.125,0.875,0.125,0.625,0.0,0.0,0.0,0.0,0.0,0.125,7159.545,27645.59571428571,58455.0,296908.965,1042560.0,337629.465,1.5880195599022005,11.0,14.571428571428571,0.4230649195302306,-2060.0,-7.0,-826.4285714285714,96.0,14584.05,202500.0,184500.0,-642.0,-548.8452380952381,24.0,40.0,0.0,0.0,40.0,35.0,11.652173913043478,23857.2,5010.742173913044,93472992.72281738,376810.425,1442496.33,-697.0,-1304.3260869565215,-59999.0,46.0,-253.0,0.0,97424.325,26793.606315789475,45000.0,149727.27272727274,3473.671875,146978.505,200953125.0,0.0,1698.935625,3082018.4686575,145804.5,4093.97186440678,123576.75,36799040.59561129,0.0,90000.0,706354.7849999999,740890888.4004157,96837.345,26559.0525,96866.37,26559.800000000003,3.0,0.0,9.0,0.0,8.0,3.888888888888889,0.0,0.0,0.0,0.0,1.0,0.0,0.0,0.0,0.0,0.0,0.0,0.0,0.0,0.0,0.0,0.0,0.0,0.0,22.0
100026.0,0.0,1.0,0.0,450000.0,497520.0,32521.5,450000.0,-4306.0,-2518.0,0.0,2.0,0.0,0.0,0.5061548086628039,0.457142971588935,0.3589512285783967,0.0907,0.0795,0.7076,0.0,0.2069,0.0898,0.0873,0.0077,0.0121,0.0,0.2083,0.079,0.0078,0.0047,0.0795,0.7115,0.012,0.2083,0.0913,0.0735,0.0889,0.0078,0.0,0.0,1.0,0.0,0.0,0.0,0.0,0.0,0.0,5.0,0.0,1.0,0.0,0.0,0.0,1.0,1.0,0.9044862518089724,0.07227,0.0653672214182344,-1644.0,-148.0,-679.0,1581.0,899.0,-314.6666666666667,0.0,1875000.0,2542576.5,3477814.38,-57.0,0.0,0.3333333333333333,0.0,0.0,-148.0,217.0,1581.0,899.0,-15.0,0.0,2700000.0,2025000.0,4050000.0,1738907.19,3477814.38,0.0,-1644.0,-1644.0,-781.0,-914.0,0.0,1575000.0,0.0,0.0,23608.485,0.0,0.0,744498.0,292281.0,0.9533255965764852,132345.0,675000.0,0.0,-1427.0,-682.3333333333334,21.0,42.0,0.0,0.3333333333333333,0.3333333333333333,0.0,0.6666666666666666,0.0,0.0,0.0,0.0,0.0,0.0,23608.485,33193.665,132345.0,403672.5,744498.0,438421.5,1.0,7.0,9.5,0.0,-1427.0,-468.0,-947.5,42.0,14584.05,202500.0,184500.0,-642.0,-548.8452380952381,24.0,11.0,0.0,0.0,11.0,17.0,9.375,0.0,0.0,0.0,770004.315,954356.76,-425.0,-1105.875,-8847.0,8.0,-253.0,0.0,97424.325,26793.606315789475,45000.0,149727.27272727274,3473.671875,146978.505,200953125.0,0.0,1698.935625,3082018.4686575,145804.5,4093.97186440678,123576.75,36799040.59561129,0.0,90000.0,706354.7849999999,740890888.4004157,96837.345,26559.0525,96866.37,26559.800000000003,3.0,0.0,9.0,0.0,8.0,3.888888888888889,0.0,0.0,0.0,0.0,1.0,0.0,0.0,0.0,0.0,0.0,0.0,0.0,0.0,0.0,0.0,0.0,0.0,0.0,22.0
100027.0,0.0,1.0,0.0,83250.0,239850.0,23850.0,225000.0,-1648.0,-3684.0,0.0,3.0,0.0,0.0,0.5061548086628039,0.6243047373592765,0.6690566947824041,0.1443,0.0848,0.83,0.14,0.1207,0.2371,0.1484,0.0019,0.0,0.1208,0.4167,0.1102,0.0,0.0,0.0848,0.8323,0.1071,0.4167,0.2412,0.1193,0.151,0.0019,0.0,0.0,0.0,0.0,0.0,1.0,0.0,0.0,0.0,3.0,0.0,1.0,1.0,0.0,0.0,1.0,1.0,0.3470919324577861,0.2864864864864865,0.099437148217636,-1983.0,-143.0,-793.0,944.0,-278.3333333333333,-600.6666666666666,2565.0,208432.5,376713.0,376713.0,-57.0,0.0,0.0,0.0,0.0,-143.0,944.0,944.0,944.0,-3.0,0.0,427500.0,427500.0,427500.0,376713.0,376713.0,0.0,-1983.0,-1118.0,-889.5,-899.5,2565.0,98898.75,0.0,0.0,21569.22,0.0,0.0,239850.0,173795.625,0.9413481495087864,202500.0,226984.5,0.0,-795.0,-407.0,11.333333333333334,34.0,0.25,0.25,0.75,0.0,0.75,0.0,0.0,0.0,0.0,0.0,0.25,21569.22,24823.395,202500.0,214742.25,239467.5,227666.25,0.9478718406464344,13.0,14.5,0.0,-795.0,-471.0,-633.0,22.0,22556.475,225000.0,225000.0,-181.0,-181.0,12.0,23.0,0.0,0.0,23.0,23.0,9.545454545454543,0.0,0.0,0.0,28077.57,539424.36,-116.0,-446.0,-9812.0,22.0,-253.0,0.0,97424.325,26793.606315789475,45000.0,149727.27272727274,3473.671875,146978.505,200953125.0,0.0,1698.935625,3082018.4686575,145804.5,4093.97186440678,123576.75,36799040.59561129,0.0,90000.0,706354.7849999999,740890888.4004157,96837.345,26559.0525,96866.37,26559.800000000003,3.0,0.0,9.0,0.0,8.0,3.888888888888889,0.0,0.0,0.0,0.0,1.0,0.0,0.0,0.0,0.0,0.0,0.0,0.0,0.0,0.0,0.0,0.0,0.0,0.0,22.0
100029.0,0.0,0.0,1.0,135000.0,247500.0,12703.5,247500.0,-746.0,-3729.0,0.0,2.0,0.0,0.0,0.5061548086628039,0.7861793090532118,0.5656079814115492,0.1433,0.1455,0.8096,0.0,0.3103,0.0861,0.1217,0.0,0.0214,0.0,0.2083,0.1276,0.0,0.0045,0.1455,0.8121,0.0214,0.2083,0.0876,0.1189,0.1239,0.0,1.0,1.0,1.0,0.0,0.0,0.0,0.0,0.0,0.0,0.0,0.0,1.0,0.0,0.0,0.0,1.0,1.0,0.5454545454545454,0.0941,0.0513272727272727,-2806.0,-110.0,-1416.75,1563.0,-336.3333333333333,-1041.75,0.0,1857008.25,3682287.0,3682287.0,-57.0,0.0,0.0,0.5,0.0,-110.0,252.0,1051.0,716.5,-17.0,0.0,3735000.0,3735000.0,3735000.0,3682287.0,3682287.0,0.0,-2806.0,-1852.3333333333333,-336.3333333333333,-1383.3333333333333,0.0,1231011.0,0.0,0.0,22891.68,126000.0,126000.0,126000.0,126000.0,1.0,126000.0,126000.0,0.0,-324.0,-324.0,6.0,6.0,0.0,1.0,0.0,0.0,0.0,0.0,0.0,0.0,0.0,0.0,0.0,22891.68,22891.68,126000.0,126000.0,126000.0,126000.0,1.0,18.0,18.0,0.0,-324.0,-324.0,-324.0,6.0,14584.05,202500.0,184500.0,-642.0,-548.8452380952381,24.0,6.0,0.0,0.0,6.0,23.0,19.75,0.0,0.0,0.0,66993.345,135668.385,-224.0,-267.75,-1071.0,4.0,-253.0,0.0,97424.325,26793.606315789475,45000.0,149727.27272727274,3473.671875,146978.505,200953125.0,0.0,1698.935625,3082018.4686575,145804.5,4093.97186440678,123576.75,36799040.59561129,0.0,90000.0,706354.7849999999,740890888.4004157,96837.345,26559.0525,96866.37,26559.800000000003,3.0,0.0,9.0,0.0,8.0,3.888888888888889,0.0,0.0,0.0,0.0,1.0,0.0,0.0,0.0,0.0,0.0,0.0,0.0,0.0,0.0,0.0,0.0,0.0,0.0,22.0
100030.0,0.0,1.0,0.0,90000.0,225000.0,11074.5,225000.0,-3494.0,-2893.0,0.0,2.0,0.0,0.0,0.5619484093041138,0.6514056365297631,0.4614823912998385,0.0722,0.0147,0.7008,0.0,0.1379,0.0498,0.067,0.0,0.001,0.0,0.0417,0.0643,0.0,0.0,0.0147,0.7048,0.001,0.0417,0.0506,0.0599,0.0682,0.0,0.0,0.0,1.0,0.0,0.0,0.0,0.0,0.0,0.0,0.0,0.0,1.0,0.0,0.0,0.0,1.0,1.0,0.4,0.12305,0.04922,-1547.0,-418.0,-930.8333333333334,1409.0,-61.6,-411.1666666666667,0.0,107238.495,432301.5,451642.5,-57.0,0.0,0.0,0.0,0.0,-418.0,1409.0,1409.0,1409.0,-14.0,0.0,508500.0,276750.0,553500.0,225821.25,451642.5,12828.015,-1547.0,-1028.5,-429.25,-609.75,0.0,22482.7425,0.0,0.0,2826.45,17055.0,15349.5,49734.0,32534.64375,1.0403155152442547,17055.0,47241.0,0.0448038956543629,-2856.0,-1981.0833333333333,8.625,69.0,0.8333333333333334,0.0833333333333333,0.4166666666666667,0.0833333333333333,0.3333333333333333,0.0,0.0,0.0,0.0,0.0,0.0,4373.055,6704.37,17055.0,32148.0,49734.0,32541.75,1.1111111111111112,12.0,12.5,0.1089090909090909,-2856.0,-378.0,-1617.0,10.0,4073.265,43870.5,33767.1225,-2689.0,-2053.9,59.0,14.0,0.0,0.0,14.0,35.0,21.83333333333333,0.0,0.0,0.0,17846.145,70923.87,-233.0,-730.6666666666666,-4384.0,6.0,-253.0,0.0,97424.325,26793.606315789475,45000.0,149727.27272727274,3473.671875,146978.505,200953125.0,0.0,1698.935625,3082018.4686575,145804.5,4093.97186440678,123576.75,36799040.59561129,0.0,90000.0,706354.7849999999,740890888.4004157,96837.345,26559.0525,96866.37,26559.800000000003,3.0,0.0,9.0,0.0,8.0,3.888888888888889,0.0,0.0,0.0,0.0,1.0,0.0,0.0,0.0,0.0,0.0,0.0,0.0,0.0,0.0,0.0,0.0,0.0,0.0,22.0
100031.0,1.0,1.0,0.0,112500.0,979992.0,27076.5,702000.0,-2628.0,-1827.0,0.0,2.0,0.0,0.0,0.5061548086628039,0.5484771599678789,0.190705947811054,0.0165,0.0089,0.7552,0.0,0.069,0.0265,0.0094,0.0,0.0192,0.0,0.2083,0.0771,0.0,0.0,0.0089,0.7585,0.021,0.2083,0.027,0.077,0.0096,0.0,10.0,10.0,1.0,0.0,0.0,0.0,0.0,0.0,2.0,2.0,0.0,1.0,0.0,0.0,0.0,1.0,0.0,0.1147968554845345,0.24068,0.0276293071780177,-1365.0,-75.0,-579.5714285714286,1021.0,468.6,-266.2857142857143,0.0,567235.9285714285,1125000.0,1125000.0,-57.0,0.0,0.0,0.0,0.0,-75.0,1021.0,1021.0,1021.0,-31.0,0.0,548779.5,250426.5,751279.5,147523.5,0.0,0.0,-1365.0,-765.25,330.5,-442.75,0.0,804843.0,1125000.0,1125000.0,5721.975,18373.5,23805.0,225000.0,117450.0,1.0,45630.9,202601.25,0.0,-1502.0,-789.0,12.0,36.0,0.0,0.0,0.0,0.0,0.0,0.0,0.0,0.0,0.0,0.0,0.0,5998.68,11373.76125,45000.0,113226.75,182214.0,125565.0,1.0,11.0,13.0,0.0,-1490.0,-434.0,-940.5,30.0,14584.05,202500.0,184500.0,-642.0,-548.8452380952381,24.0,22.0,0.0,0.0,22.0,31.0,10.11904761904762,0.0,0.0,0.0,36000.0,318610.125,-66.0,-807.5744680851063,-21127.0,25.0,-253.0,0.0,97424.325,26793.606315789475,45000.0,149727.27272727274,3473.671875,146978.505,200953125.0,0.0,1698.935625,3082018.4686575,145804.5,4093.97186440678,123576.75,36799040.59561129,0.0,90000.0,706354.7849999999,740890888.4004157,96837.345,26559.0525,96866.37,26559.800000000003,3.0,0.0,9.0,0.0,8.0,3.888888888888889,0.0,0.0,0.0,0.0,1.0,0.0,0.0,0.0,0.0,0.0,0.0,0.0,0.0,0.0,0.0,0.0,0.0,0.0,22.0
100032.0,0.0,0.0,0.0,112500.0,327024.0,23827.5,270000.0,-1234.0,-3153.0,0.0,2.0,0.0,0.0,0.5061548086628039,0.5411237022695412,0.6594055320683344,0.088,0.0765,0.7552,0.0,0.1379,0.0482,0.0749,0.0,0.0192,0.0,0.2083,0.0771,0.0,0.0011,0.0761,0.7585,0.021,0.2083,0.0487,0.077,0.0754,0.0,2.0,2.0,1.0,0.0,0.0,0.0,0.0,0.0,0.0,0.0,1.0,0.0,0.0,0.0,0.0,1.0,1.0,0.3440114487010127,0.2118,0.0728616248348745,-1389.0,-556.0,-1071.0,-191.0,-525.25,-436.75,0.0,317790.0,0.0,0.0,-45.0,0.0,0.0,0.0,0.0,-556.0,-191.0,-191.0,-191.0,-54.0,0.0,209250.0,209250.0,209250.0,0.0,0.0,0.0,-1389.0,-1242.6666666666667,-636.6666666666666,-564.3333333333334,0.0,353970.0,0.0,0.0,7910.145,69255.0,42255.0,42255.0,42255.0,1.6389776357827477,69255.0,69255.0,0.4245968456494773,-1497.0,-1497.0,6.0,6.0,0.0,1.0,0.0,0.0,0.0,0.0,0.0,0.0,0.0,0.0,0.0,7910.145,7910.145,69255.0,69255.0,42255.0,42255.0,1.6389776357827477,10.0,10.0,0.4245968456494773,-1497.0,-1497.0,-1497.0,6.0,14584.05,202500.0,184500.0,-642.0,-548.8452380952381,24.0,7.0,0.0,0.0,7.0,86.0,47.142857142857146,7908.030000000001,1130.3292857142858,8932241.116253573,7910.145,47463.03,-1307.0,-1426.142857142857,-9983.0,7.0,-253.0,0.0,97424.325,26793.606315789475,45000.0,149727.27272727274,3473.671875,146978.505,200953125.0,0.0,1698.935625,3082018.4686575,145804.5,4093.97186440678,123576.75,36799040.59561129,0.0,90000.0,706354.7849999999,740890888.4004157,96837.345,26559.0525,96866.37,26559.800000000003,3.0,0.0,9.0,0.0,8.0,3.888888888888889,0.0,0.0,0.0,0.0,1.0,0.0,0.0,0.0,0.0,0.0,0.0,0.0,0.0,0.0,0.0,0.0,0.0,0.0,22.0
100033.0,0.0,0.0,1.0,270000.0,790830.0,57676.5,675000.0,-1796.0,-2661.0,0.0,1.0,1.0,0.0,0.6003959050009468,0.6850109901296888,0.524496446363472,0.088,0.0765,0.7552,0.0,0.1379,0.0482,0.0749,0.0,0.0192,0.0,0.2083,0.0771,0.0,0.0011,0.0761,0.7585,0.021,0.2083,0.0487,0.077,0.0754,0.0,0.0,0.0,0.0,0.0,0.0,0.0,1.0,0.0,0.0,1.0,0.0,1.0,0.0,0.0,1.0,0.0,0.0,0.3414134516899966,0.2136166666666666,0.0729316035051781,-195.0,-195.0,-195.0,913.0,913.0,-169.0,0.0,675000.0,0.0,0.0,-6.0,0.0,0.0,0.0,0.0,-195.0,913.0,913.0,913.0,-169.0,0.0,675000.0,675000.0,675000.0,0.0,0.0,0.0,-2002.0,-1366.5555555555557,-781.0,-761.5,0.0,125100.0,0.0,0.0,5542.92,53599.5,53329.5,53329.5,53329.5,1.0050628638933423,53599.5,53599.5,0.0995320373868253,-849.0,-849.0,12.0,12.0,0.0,1.0,0.0,0.0,0.0,0.0,0.0,0.0,0.0,0.0,0.0,5542.92,5542.92,53599.5,53599.5,53329.5,53329.5,1.0050628638933423,14.0,14.0,0.0995320373868253,-849.0,-849.0,-849.0,12.0,14584.05,202500.0,184500.0,-642.0,-548.8452380952381,24.0,13.0,2.0,0.2307692307692307,13.0,44.0,6.32258064516129,5541.84,1251.6270967741937,4356966.102696289,5542.92,69411.645,-495.0,-618.2903225806451,-19167.0,31.0,-253.0,0.0,97424.325,26793.606315789475,45000.0,149727.27272727274,3473.671875,146978.505,200953125.0,0.0,1698.935625,3082018.4686575,145804.5,4093.97186440678,123576.75,36799040.59561129,0.0,90000.0,706354.7849999999,740890888.4004157,96837.345,26559.0525,96866.37,26559.800000000003,3.0,0.0,9.0,0.0,8.0,3.888888888888889,0.0,0.0,0.0,0.0,1.0,0.0,0.0,0.0,0.0,0.0,0.0,0.0,0.0,0.0,0.0,0.0,0.0,0.0,22.0
100034.0,0.0,0.0,0.0,90000.0,180000.0,9000.0,180000.0,-1010.0,-3015.0,0.0,2.0,0.0,0.0,0.2979135090150507,0.5027790378786304,0.5334816299804352,0.1505,0.0838,0.7688,0.16,0.1379,0.0872,0.1412,0.0077,0.019,0.1611,0.375,0.1322,0.0078,0.0065,0.0838,0.7719,0.0189,0.375,0.0887,0.1231,0.1437,0.0078,0.0,0.0,0.0,0.0,0.0,0.0,0.0,0.0,0.0,1.0,0.0,1.0,0.0,0.0,1.0,0.0,0.0,0.5,0.1,0.05,-1827.0,-300.0,-1050.571428571429,909.0,-135.57777777777778,-481.8333333333333,0.0,195505.92613636365,149455.035,169015.5,-57.0,0.0,0.0,0.0,0.0,-258.0,252.0,1051.0,716.5,-30.0,0.0,450000.0,274500.0,647914.5,147523.5,276048.0,0.0,-2002.0,-1366.5555555555557,-781.0,-761.5,0.0,125100.0,0.0,0.0,21281.13,94500.0,109971.0,115083.0,112527.0,0.957343095145333,94500.0,121455.0,0.1039669070716359,-599.0,-443.5,6.0,12.0,0.0,0.5,0.5,0.0,0.5,0.0,0.0,0.0,0.0,0.0,0.0,21281.13,21855.78,94500.0,107977.5,115083.0,112527.0,1.055368733870337,11.0,15.0,0.1039669070716359,-599.0,-288.0,-443.5,12.0,14584.05,202500.0,184500.0,-642.0,-548.8452380952381,24.0,11.0,0.0,0.0,11.0,51.0,19.0,0.0,-5850.0,162434785.5522,61969.77,311355.765,-189.0,-415.2,-4152.0,10.0,-253.0,0.0,97424.325,26793.606315789475,45000.0,149727.27272727274,3473.671875,146978.505,200953125.0,0.0,1698.935625,3082018.4686575,145804.5,4093.97186440678,123576.75,36799040.59561129,0.0,90000.0,706354.7849999999,740890888.4004157,96837.345,26559.0525,96866.37,26559.800000000003,3.0,0.0,9.0,0.0,8.0,3.888888888888889,0.0,0.0,0.0,0.0,1.0,0.0,0.0,0.0,0.0,0.0,0.0,0.0,0.0,0.0,0.0,0.0,0.0,0.0,22.0
100035.0,0.0,1.0,0.0,292500.0,665892.0,24592.5,477000.0,-2668.0,-3787.0,0.0,2.0,0.0,0.0,0.5061548086628039,0.479987342189869,0.4101025731788671,0.0124,0.0765,0.7552,0.0,0.069,0.0482,0.0149,0.0,0.0192,0.0,0.2083,0.0771,0.0,0.0,0.0761,0.7585,0.021,0.2083,0.0487,0.077,0.0152,0.0,0.0,0.0,1.0,0.0,0.0,0.0,0.0,0.0,0.0,5.0,0.0,1.0,0.0,0.0,0.0,1.0,0.0,0.4392604206087473,0.084076923076923,0.0369316645942585,-2723.0,-184.0,-1399.3333333333333,9980.0,487.0,-915.3333333333334,13760.06625,393898.38,1309194.0,2054371.5,-57.0,0.0,0.0,0.0,0.0,-184.0,-152.0,9980.0,2593.0,-33.2,2808.0,1471500.0,643673.7,3218368.5,684790.5,2054371.5,0.0,-2723.0,-2496.25,-2145.5,-2018.0,17410.755,81679.23,0.0,0.0,5413.365,0.0,0.0,1260000.0,161788.29545454544,0.9507861911305168,25087.5,1260000.0,0.0628375515238063,-2073.0,-558.1818181818181,22.6,226.0,0.3636363636363636,0.0454545454545454,0.9545454545454546,0.0,0.8636363636363636,0.0,0.0,0.0,0.0454545454545454,0.0454545454545454,0.0454545454545454,5413.365,16788.74625,25087.5,186752.8125,582768.0,203042.8125,1.0869565217391304,8.0,12.875,0.1013853818441465,-2073.0,-723.0,-1299.75,118.0,27773.775,1260000.0,967500.0,-160.0,-143.375,108.0,74.0,0.0,0.0,74.0,30.0,5.816901408450704,22855.275,1761.3430985915493,32811264.85766097,536809.95,1979849.025,-651.0,-1216.4084507042253,-86365.0,71.0,-253.0,0.0,97424.325,26793.606315789475,45000.0,149727.27272727274,3473.671875,146978.505,200953125.0,0.0,1698.935625,3082018.4686575,145804.5,4093.97186440678,123576.75,36799040.59561129,0.0,90000.0,706354.7849999999,740890888.4004157,96837.345,26559.0525,96866.37,26559.800000000003,3.0,0.0,9.0,0.0,8.0,3.888888888888889,0.0,0.0,0.0,0.0,1.0,0.0,0.0,0.0,0.0,0.0,0.0,0.0,0.0,0.0,0.0,0.0,0.0,0.0,22.0
100036.0,0.0,1.0,0.0,112500.0,512064.0,25033.5,360000.0,-1104.0,-2904.0,0.0,2.0,0.0,0.0,0.2744223724911185,0.6273004007953609,0.5334816299804352,0.3670000000000001,0.3751,0.7552,0.28,0.4828,0.1569,0.2574,0.0,0.0192,0.282,0.2083,0.0771,0.0,0.0011,0.3751,0.7585,0.021,0.2083,0.1596,0.077,0.262,0.0,2.0,2.0,1.0,0.0,0.0,0.0,0.0,0.0,2.0,5.0,1.0,0.0,0.0,0.0,0.0,1.0,0.0,0.2196991001124859,0.22252,0.0488874437570303,-889.0,-889.0,-889.0,-462.0,-462.0,-519.0,0.0,94959.0,8339.355,8339.355,-57.0,0.0,0.0,0.0,0.0,-889.0,-462.0,-462.0,-462.0,-519.0,0.0,94959.0,94959.0,94959.0,8339.355,8339.355,0.0,-2002.0,-1366.5555555555557,-781.0,-761.5,0.0,125100.0,0.0,0.0,2250.0,0.0,0.0,221247.0,92851.3125,0.9596561111441856,45000.0,213804.0,0.0,-397.0,-222.125,15.6,78.0,0.375,0.25,0.75,0.0,0.5,0.0,0.0,0.0,0.25,0.0,0.0,2250.0,4400.7075,45000.0,51898.5,65007.0,55003.5,1.0,18.0,18.0,0.0,-397.0,-397.0,-397.0,12.0,11422.784999999998,213804.0,203103.0,-185.0,-185.0,66.0,12.0,0.0,0.0,12.0,67.0,18.5,0.0,0.0,0.0,6551.415,78613.605,-39.0,-218.5,-2622.0,12.0,-90.0,0.0,0.0,0.0,45000.0,78750.0,0.0,0.0,0.0,0.0,0.0,0.0,0.0,0.0,0.0,0.0,0.0,0.0,0.0,0.0,0.0,0.0,0.0,0.0,0.0,0.0,0.0,0.0,0.0,0.0,0.0,0.0,0.0,0.0,1.0,0.0,0.0,0.0,0.0,0.0,0.0,0.0,0.0,0.0,0.0,0.0,0.0,0.0,12.0
100037.0,0.0,1.0,0.0,90000.0,199008.0,20893.5,180000.0,-4404.0,-4464.0,1.0,2.0,0.0,0.0,0.5061548086628039,0.5594667916353414,0.7981372313187245,0.0928,0.0765,0.7552,0.0,0.2069,0.0482,0.0602,0.0,0.0192,0.0,0.2083,0.0771,0.0,0.0461,0.0761,0.7585,0.021,0.2083,0.0487,0.077,0.0613,0.0,0.0,0.0,1.0,0.0,0.0,0.0,0.0,0.0,0.0,2.0,0.0,1.0,0.0,0.0,0.0,1.0,0.0,0.4522431259044862,0.23215,0.1049882416787264,-2761.0,-1247.0,-1812.875,-1063.0,-1696.428571428571,-1544.625,0.0,74016.5625,0.0,0.0,-90.0,0.0,0.0,0.0,0.0,-1467.0,252.0,1051.0,716.5,-994.0,0.0,108000.0,108000.0,108000.0,0.0,0.0,0.0,-2761.0,-1862.2857142857144,-1696.428571428571,-1623.2857142857142,0.0,69161.78571428571,0.0,0.0,5305.995,38385.0,45720.0,188640.0,140661.0,0.9190061122348018,38385.0,157500.0,0.0267398105587595,-2612.0,-1186.2,10.8,54.0,0.4,0.2,0.2,0.0,0.2,0.0,0.0,0.0,0.0,0.0,0.0,5305.995,16238.355,38385.0,114319.5,157500.0,115861.5,1.0187650010909883,5.0,7.666666666666667,0.0627374206194487,-2612.0,-539.0,-1617.6666666666667,30.0,18171.8775,153877.5,153877.5,-539.0,-539.0,24.0,26.0,0.0,0.0,26.0,63.0,18.318181818181817,0.0,0.0,0.0,35172.135,422786.52,-235.0,-1247.409090909091,-27443.0,22.0,-253.0,0.0,97424.325,26793.606315789475,45000.0,149727.27272727274,3473.671875,146978.505,200953125.0,0.0,1698.935625,3082018.4686575,145804.5,4093.97186440678,123576.75,36799040.59561129,0.0,90000.0,706354.7849999999,740890888.4004157,96837.345,26559.0525,96866.37,26559.800000000003,3.0,0.0,9.0,0.0,8.0,3.888888888888889,0.0,0.0,0.0,0.0,1.0,0.0,0.0,0.0,0.0,0.0,0.0,0.0,0.0,0.0,0.0,0.0,0.0,0.0,22.0
100039.0,0.0,0.0,1.0,360000.0,733315.5,39069.0,679500.0,-2060.0,-3557.0,0.0,2.0,0.0,1.0,0.5061548086628039,0.3217448956617718,0.4118485559242397,0.088,0.0765,0.7552,0.0,0.1379,0.0482,0.0749,0.0,0.0192,0.0,0.2083,0.0771,0.0,0.0011,0.0761,0.7585,0.021,0.2083,0.0487,0.077,0.0754,0.0,2.0,2.0,0.0,0.0,0.0,0.0,1.0,0.0,1.0,1.0,0.0,1.0,0.0,0.0,0.0,1.0,1.0,0.4909210292159378,0.108525,0.0532772046956596,-1485.0,-90.0,-641.4444444444445,1379.0,126.625,-372.1111111111111,0.0,498788.0,1830429.0,2438748.0,-57.0,0.0,0.0,0.0,0.0,-90.0,641.0,1379.0,1132.3333333333333,-23.0,0.0,2341746.0,1005582.0,3016746.0,812916.0,2438748.0,0.0,-1485.0,-787.4,-351.0,-634.2,0.0,105469.2,0.0,0.0,4450.68,0.0,0.0,1487214.0,383785.875,0.937813576240881,20961.0,1350000.0,8.598717724835e-05,-2398.0,-1245.25,18.0,54.0,0.0,0.25,0.5,0.0,0.5,0.0,0.0,0.0,0.0,0.25,0.0,4450.68,20679.495,20961.0,465223.365,1487214.0,511714.5,0.9529520999652898,14.0,15.0,0.0001719743544967,-2398.0,-695.0,-1630.0,54.0,14584.05,202500.0,184500.0,-642.0,-548.8452380952381,24.0,22.0,0.0,0.0,22.0,41.0,18.142857142857142,0.0,-28104.15642857143,3082647478.269657,920794.5,2305501.785,-468.0,-1246.190476190476,-26170.0,21.0,-253.0,0.0,97424.325,26793.606315789475,45000.0,149727.27272727274,3473.671875,146978.505,200953125.0,0.0,1698.935625,3082018.4686575,145804.5,4093.97186440678,123576.75,36799040.59561129,0.0,90000.0,706354.7849999999,740890888.4004157,96837.345,26559.0525,96866.37,26559.800000000003,3.0,0.0,9.0,0.0,8.0,3.888888888888889,0.0,0.0,0.0,0.0,1.0,0.0,0.0,0.0,0.0,0.0,0.0,0.0,0.0,0.0,0.0,0.0,0.0,0.0,22.0
100040.0,0.0,1.0,0.0,135000.0,1125000.0,32895.0,1125000.0,-4585.0,-4067.0,0.0,2.0,0.0,0.0,0.5061548086628039,0.1724975081477771,0.5334816299804352,0.0825,0.0804,0.6736,0.0,0.1379,0.038,0.0637,0.0,0.0057,0.0,0.2083,0.0735,0.0,0.0,0.0804,0.6779999999999999,0.0057,0.2083,0.0387,0.0684,0.0648,0.0,0.0,0.0,1.0,0.0,0.0,0.0,0.0,0.0,0.0,1.0,0.0,1.0,0.0,0.0,1.0,0.0,1.0,0.12,0.2436666666666666,0.02924,-1827.0,-300.0,-1050.571428571429,909.0,-135.57777777777778,-481.8333333333333,0.0,195505.92613636365,149455.035,169015.5,-57.0,0.0,0.0,0.0,0.0,-258.0,252.0,1051.0,716.5,-30.0,0.0,450000.0,274500.0,647914.5,147523.5,276048.0,0.0,-2002.0,-1366.5555555555557,-781.0,-761.5,0.0,125100.0,0.0,0.0,18984.24,367200.0,367200.0,367200.0,367200.0,1.0,367200.0,367200.0,0.0,-1038.0,-1038.0,24.0,24.0,0.0,0.0,0.0,0.0,0.0,0.0,0.0,0.0,0.0,0.0,0.0,18984.24,18984.24,367200.0,367200.0,367200.0,367200.0,1.0,14.0,14.0,0.0,-1038.0,-1038.0,-1038.0,24.0,14584.05,202500.0,184500.0,-642.0,-548.8452380952381,24.0,35.0,0.0,0.0,35.0,38.0,8.428571428571429,18981.72,3934.902857142858,35976538.50715777,73324.26,498400.875,-417.0,-1163.9714285714283,-40739.0,35.0,-253.0,0.0,97424.325,26793.606315789475,45000.0,149727.27272727274,3473.671875,146978.505,200953125.0,0.0,1698.935625,3082018.4686575,145804.5,4093.97186440678,123576.75,36799040.59561129,0.0,90000.0,706354.7849999999,740890888.4004157,96837.345,26559.0525,96866.37,26559.800000000003,3.0,0.0,9.0,0.0,8.0,3.888888888888889,0.0,0.0,0.0,0.0,1.0,0.0,0.0,0.0,0.0,0.0,0.0,0.0,0.0,0.0,0.0,0.0,0.0,0.0,22.0
100041.0,0.0,1.0,0.0,112500.0,450000.0,44509.5,450000.0,-1275.0,-2009.0,1.0,2.0,0.0,0.0,0.5061548086628039,0.6631580756296298,0.6785676886853644,0.0948,0.0792,0.8096,0.0,0.1724,0.0888,0.0582,0.0,0.0192,0.0,0.2083,0.0771,0.0,0.0011,0.0792,0.8121,0.021,0.2083,0.0903,0.077,0.0592,0.0,0.0,0.0,1.0,0.0,0.0,0.0,0.0,0.0,0.0,0.0,0.0,1.0,0.0,0.0,1.0,0.0,1.0,0.25,0.39564,0.09891,-2890.0,-66.0,-1292.5384615384614,117.0,-969.1538461538462,-992.8461538461538,769.365,63254.24307692308,0.0,0.0,-57.0,0.0,0.0,0.0,0.0,-448.0,-53.0,-53.0,-53.0,-439.0,0.0,106870.68,106870.68,106870.68,0.0,0.0,0.0,-2890.0,-1362.9166666666667,-1045.5,-1039.0,854.8499999999999,59619.54,0.0,0.0,3268.485,15516.0,16285.5,64278.0,40281.75,0.9313242830919208,15516.0,58486.5,0.0,-2701.0,-2104.5,9.0,18.0,0.0,0.5,0.0,0.0,0.0,0.0,0.0,0.0,0.0,0.0,0.0,3268.485,5283.0,15516.0,37001.25,64278.0,40281.75,0.9527493782812932,12.0,13.0,0.0,-2701.0,-1508.0,-2104.5,18.0,14584.05,202500.0,184500.0,-642.0,-548.8452380952381,24.0,21.0,0.0,0.0,21.0,196.0,39.9,7176.285,730.20825,4321074.992695462,7297.515,107185.815,-1101.0,-1722.7,-34454.0,20.0,-253.0,0.0,97424.325,26793.606315789475,45000.0,149727.27272727274,3473.671875,146978.505,200953125.0,0.0,1698.935625,3082018.4686575,145804.5,4093.97186440678,123576.75,36799040.59561129,0.0,90000.0,706354.7849999999,740890888.4004157,96837.345,26559.0525,96866.37,26559.800000000003,3.0,0.0,9.0,0.0,8.0,3.888888888888889,0.0,0.0,0.0,0.0,1.0,0.0,0.0,0.0,0.0,0.0,0.0,0.0,0.0,0.0,0.0,0.0,0.0,0.0,22.0
100043.0,0.0,1.0,0.0,198000.0,641173.5,23157.0,553500.0,-768.0,-735.0,1.0,2.0,0.0,0.0,0.8427634659543568,0.6816988025574287,0.7544061731797895,0.088,0.0765,0.7552,0.0,0.1379,0.0482,0.0749,0.0,0.0192,0.0,0.2083,0.0771,0.0,0.0011,0.0761,0.7585,0.021,0.2083,0.0487,0.077,0.0754,0.0,0.0,0.0,1.0,0.0,0.0,0.0,0.0,0.0,1.0,1.0,0.0,1.0,0.0,0.0,0.0,1.0,1.0,0.3088087701690728,0.1169545454545454,0.0361165893475011,-2639.0,-1169.0,-1904.0,-414.0,-1433.5,-1320.0,0.0,166860.0,0.0,0.0,-86.0,0.0,0.0,0.0,0.0,-258.0,252.0,1051.0,716.5,-30.0,0.0,450000.0,274500.0,647914.5,147523.5,276048.0,0.0,-2639.0,-1904.0,-1433.5,-1320.0,0.0,166860.0,0.0,0.0,5287.815,0.0,33340.5,1575000.0,965679.5,0.9023324827949758,35775.0,1575000.0,0.0888634881508131,-2411.0,-534.1111111111111,31.55555555555556,284.0,0.5555555555555556,0.1111111111111111,0.3333333333333333,0.5555555555555556,0.3333333333333333,0.0,0.0,0.0,0.0,0.0,0.1111111111111111,5287.815,15749.76375,0.0,250818.75,781920.0,383815.125,1.0730193008503173,11.0,12.75,0.1295149136747423,-2411.0,-33.0,-1165.0,116.0,62853.48,1575000.0,1485000.0,-31.0,-29.4,168.0,37.0,0.0,0.0,37.0,129.0,21.16883116883117,18360.0,687.5251948051948,11555665.88732463,316290.69,1251128.07,-13.0,-894.1428571428571,-68849.0,77.0,-561.0,0.0,435861.585,208572.6,22500.0,287045.45454545453,14904.972272727273,491864.085,5540934565.281618,424364.085,11279.115,93210687.389835,692005.14,13441.831363636364,443580.435,3018064297.335249,0.0,424364.085,6720369.075,36125104905.19193,433170.585,208397.4490909091,433170.585,208397.4490909091,10.0,0.3636363636363636,12.0,10.0,20.0,13.870967741935484,0.0,0.0,0.0,0.0,1.0,0.0,0.0,0.0,0.0,0.0,0.0,0.0,0.0,0.0,0.0,0.0,0.0,0.0,33.0
100044.0,0.0,0.0,0.0,121500.0,454500.0,15151.5,454500.0,-1288.0,-4270.0,0.0,2.0,0.0,0.0,0.8045861213121414,0.7197985370372056,0.722392890081304,0.088,0.0765,0.7552,0.0,0.1379,0.0482,0.0749,0.0,0.0192,0.0,0.2083,0.0771,0.0,0.0011,0.0761,0.7585,0.021,0.2083,0.0487,0.077,0.0754,0.0,0.0,0.0,1.0,0.0,0.0,0.0,0.0,0.0,0.0,0.0,0.0,1.0,0.0,0.0,0.0,1.0,1.0,0.2673267326732673,0.1247037037037037,0.0333366336633663,-2729.0,-83.0,-1552.090909090909,1178.0,-407.8181818181818,-876.1818181818181,6677.633571428572,211790.40545454543,648292.5,1147764.6,-57.0,0.0,0.0,0.0,0.0,-83.0,416.0,1178.0,744.0,-270.3333333333333,8460.48375,900000.0,264143.25,1584859.5,191294.1,1147764.6,111034.815,-2729.0,-2260.0,-1790.0,-1603.2,4300.5,148966.992,0.0,0.0,8565.705,50850.0,48181.5,652500.0,299743.875,0.9663712609630136,50850.0,652500.0,0.0346560988784524,-2600.0,-1716.25,24.0,96.0,0.0,0.25,0.75,0.0,0.75,0.0,0.0,0.25,0.0,0.0,0.0,8565.705,18290.50875,50850.0,288337.5,652500.0,299743.875,1.0553843280097133,12.0,14.25,0.1039682966353574,-2600.0,-384.0,-1716.25,96.0,14584.05,202500.0,184500.0,-642.0,-548.8452380952381,24.0,73.0,11.0,0.1506849315068493,73.0,101.0,17.577464788732396,22951.710000000003,814.1919718309861,15360650.699681776,535731.885,1916203.995,-210.0,-1716.338028169014,-121860.0,71.0,-253.0,0.0,97424.325,26793.606315789475,45000.0,149727.27272727274,3473.671875,146978.505,200953125.0,0.0,1698.935625,3082018.4686575,145804.5,4093.97186440678,123576.75,36799040.59561129,0.0,90000.0,706354.7849999999,740890888.4004157,96837.345,26559.0525,96866.37,26559.800000000003,3.0,0.0,9.0,0.0,8.0,3.888888888888889,0.0,0.0,0.0,0.0,1.0,0.0,0.0,0.0,0.0,0.0,0.0,0.0,0.0,0.0,0.0,0.0,0.0,0.0,22.0
100045.0,0.0,1.0,0.0,99000.0,247275.0,17338.5,225000.0,-1648.0,-4969.0,0.0,2.0,0.0,0.0,0.5061548086628039,0.6507647995068742,0.7517237147741489,0.088,0.0765,0.7552,0.04,0.0345,0.0566,0.0922,0.0,0.0192,0.0403,0.2083,0.0771,0.0,0.0011,0.0761,0.7585,0.021,0.2083,0.0576,0.077,0.0938,0.0,0.0,0.0,1.0,0.0,0.0,0.0,0.0,0.0,0.0,2.0,0.0,1.0,1.0,0.0,0.0,1.0,1.0,0.4003639672429481,0.1751363636363636,0.0701182893539581,-733.0,-337.0,-554.0,-3.0,-204.66666666666663,-359.6666666666667,0.0,146018.13,89351.46,89351.46,-57.0,0.0,0.0,0.0,0.0,-337.0,-3.0,-3.0,-3.0,-217.0,0.0,96832.89,96832.89,96832.89,89351.46,89351.46,0.0,-733.0,-662.5,-305.5,-431.0,0.0,170610.75,0.0,0.0,6319.35,34501.5,31486.5,1271929.5,368978.625,0.9488712019005466,34501.5,1170000.0,0.0453958113080283,-2779.0,-1789.0,18.0,72.0,0.0,0.25,0.75,0.0,0.25,0.0,0.0,0.0,0.0,0.0,0.25,6319.35,18560.14875,34501.5,339485.625,1271929.5,368978.625,1.0957553237101616,13.0,14.0,0.1361874339240852,-2779.0,-1017.0,-1789.0,72.0,14584.05,202500.0,184500.0,-642.0,-548.8452380952381,24.0,65.0,1.0,0.0153846153846153,65.0,32.0,5.34375,8207.595000000001,422.4192187500001,2844194.808903349,540713.61,2049033.96,-291.0,-1237.3125,-79188.0,64.0,-253.0,0.0,97424.325,26793.606315789475,45000.0,149727.27272727274,3473.671875,146978.505,200953125.0,0.0,1698.935625,3082018.4686575,145804.5,4093.97186440678,123576.75,36799040.59561129,0.0,90000.0,706354.7849999999,740890888.4004157,96837.345,26559.0525,96866.37,26559.800000000003,3.0,0.0,9.0,0.0,8.0,3.888888888888889,0.0,0.0,0.0,0.0,1.0,0.0,0.0,0.0,0.0,0.0,0.0,0.0,0.0,0.0,0.0,0.0,0.0,0.0,22.0
100046.0,0.0,0.0,1.0,180000.0,540000.0,27000.0,540000.0,-1761.0,-4292.0,0.0,2.0,0.0,0.0,0.5061548086628039,0.7380532835697358,0.6058362647264226,0.0814,0.0994,0.7688,0.0,0.2069,0.1404,0.0771,0.0039,0.0143,0.0,0.2083,0.0716,0.0039,0.0241,0.0994,0.7719,0.0143,0.2083,0.1429,0.0667,0.0785,0.0039,1.0,1.0,0.0,0.0,0.0,0.0,0.0,0.0,0.0,1.0,0.0,1.0,0.0,0.0,1.0,0.0,1.0,0.3333333333333333,0.15,0.05,-2653.0,-427.0,-1493.25,915.0,-247.75,-647.75,0.0,3159315.0,0.0,0.0,-57.0,0.0,0.0,0.0,0.0,-427.0,915.0,915.0,915.0,-9.0,0.0,382500.0,382500.0,382500.0,0.0,0.0,0.0,-2653.0,-1848.6666666666667,-635.3333333333334,-860.6666666666666,0.0,4084920.0,0.0,0.0,28390.635,337500.0,407911.5,555723.0,481817.25,0.8185706457647727,337500.0,450000.0,0.0,-539.0,-494.0,21.0,42.0,0.5,0.5,0.5,0.0,1.0,0.0,0.0,0.0,0.0,1.0,0.0,28390.635,28390.635,337500.0,337500.0,407911.5,407911.5,0.8273853519697287,13.0,13.0,0.0,-539.0,-539.0,-539.0,18.0,29053.215,450000.0,450000.0,-449.0,-449.0,24.0,17.0,0.0,0.0,17.0,3.0,0.5294117647058824,0.0,0.0,0.0,28390.635,482640.795,-29.0,-269.52941176470586,-4582.0,17.0,-253.0,0.0,97424.325,26793.606315789475,45000.0,149727.27272727274,3473.671875,146978.505,200953125.0,0.0,1698.935625,3082018.4686575,145804.5,4093.97186440678,123576.75,36799040.59561129,0.0,90000.0,706354.7849999999,740890888.4004157,96837.345,26559.0525,96866.37,26559.800000000003,3.0,0.0,9.0,0.0,8.0,3.888888888888889,0.0,0.0,0.0,0.0,1.0,0.0,0.0,0.0,0.0,0.0,0.0,0.0,0.0,0.0,0.0,0.0,0.0,0.0,22.0
100047.0,1.0,0.0,0.0,202500.0,1193580.0,35028.0,855000.0,-1262.0,-1029.0,0.0,2.0,0.0,0.0,0.5061548086628039,0.306840586048305,0.3201633668633456,0.1309,0.125,0.9456,0.16,0.1379,0.0142,0.1267,0.0039,0.083,0.1611,0.2917,0.1157,0.0039,0.0082,0.125,0.9463,0.0827,0.2917,0.0144,0.1077,0.129,0.0039,0.0,0.0,1.0,0.0,0.0,0.0,0.0,0.0,0.0,4.0,0.0,1.0,0.0,0.0,0.0,1.0,1.0,0.1696576685266174,0.1729777777777777,0.0293470064846931,-2055.0,-420.0,-1104.8,4284.0,1301.0,-444.6,6759.3375,1905526.8,2528203.5,3220456.5,-57.0,0.0,0.0,0.2,0.0,-420.0,116.0,4284.0,2179.0,-394.6666666666667,13518.675,4045500.0,2457600.0,7372800.0,1610228.25,3220456.5,0.0,-2055.0,-1476.5,-16.0,-519.5,0.0,1077417.0,0.0,0.0,4586.895,0.0,34384.5,744498.0,338818.5,0.7841142624891245,38205.0,675000.0,0.1089090909090909,-2634.0,-1432.0,23.666666666666668,142.0,0.3333333333333333,0.1666666666666666,0.6666666666666666,0.0,0.8333333333333334,0.0,0.0,0.0,0.0,0.3333333333333333,0.0,4586.895,14350.39875,0.0,161426.25,450000.0,272971.125,1.1111111111111112,11.0,13.0,0.1089090909090909,-2634.0,-1072.0,-1586.25,70.0,21548.9475,675000.0,405000.0,-1172.0,-1123.5,72.0,22.0,0.0,0.0,22.0,11.0,4.1,0.0,0.0,0.0,122628.285,268547.58,-1172.0,-1888.1,-37762.0,20.0,-774.0,0.0,0.0,0.0,45000.0,326250.0,0.0,0.0,0.0,0.0,0.0,0.0,0.0,0.0,0.0,0.0,0.0,0.0,0.0,0.0,0.0,0.0,0.0,0.0,0.0,0.0,0.0,0.0,0.0,0.0,0.0,0.0,0.0,0.0,1.0,0.0277777777777777,0.0,0.0,0.0,0.0,0.0,0.0,0.0,0.0,0.0,0.0,0.0,0.0,36.0
100048.0,0.0,1.0,0.0,202500.0,604152.0,29196.0,540000.0,-475.0,-513.0,0.0,2.0,1.0,0.0,0.5061548086628039,0.0373152355612163,0.5334816299804352,0.088,0.0765,0.7552,0.0,0.1379,0.0482,0.0749,0.0,0.0192,0.0,0.2083,0.0771,0.0,0.0011,0.0761,0.7585,0.021,0.2083,0.0487,0.077,0.0754,0.0,4.0,4.0,1.0,0.0,0.0,0.0,0.0,0.0,0.0,5.0,0.0,1.0,0.0,0.0,0.0,1.0,1.0,0.3351805505899177,0.1441777777777777,0.0483255869383863,-75.0,-75.0,-75.0,-66.0,-66.0,-61.0,0.0,22905.0,0.0,0.0,-2.0,0.0,1.0,0.0,0.0,-258.0,252.0,1051.0,716.5,-30.0,0.0,450000.0,274500.0,647914.5,147523.5,276048.0,0.0,-75.0,-75.0,-66.0,-61.0,0.0,22905.0,0.0,0.0,11250.0,0.0,0.0,856431.0,432694.125,0.9275488110754138,225000.0,814500.0,0.0,-949.0,-544.5,12.0,36.0,0.0,0.25,0.75,0.0,1.0,0.0,0.0,0.0,0.0,0.0,0.25,11250.0,38522.265,225000.0,526500.0,856431.0,576925.5,1.0,9.0,10.333333333333334,0.0,-949.0,-314.0,-573.6666666666666,36.0,14584.05,202500.0,184500.0,-642.0,-548.8452380952381,24.0,16.0,0.0,0.0,16.0,51.0,4.298507462686567,0.0,0.0,0.0,548005.995,1898737.245,-10.0,-449.8507462686568,-30140.0,67.0,-496.0,0.0,212013.0,59810.55677419355,225000.0,225000.0,16009.548387096776,496296.0,1833394237.27258,469296.0,3876.323275862069,14067901.93214871,586414.89,18916.60935483871,586414.89,2072461272.065552,0.0,212013.0,1805438.565,4876654284.7435465,212013.0,60184.853709677416,212013.0,60184.853709677416,2.0,0.2580645161290322,8.0,7.0,18.0,12.344827586206897,0.0,0.0,0.0,0.0,1.0,0.0,0.0,0.0,0.0,0.0,0.0,0.0,0.0,0.0,0.0,0.0,0.0,0.0,31.0
100049.0,1.0,1.0,0.0,135000.0,288873.0,16258.5,238500.0,-3597.0,-4409.0,1.0,3.0,0.0,0.0,0.4682080567974757,0.6742032101473874,0.3996756156233169,0.088,0.0765,0.7552,0.0,0.1379,0.0482,0.0749,0.0,0.0192,0.0,0.2083,0.0771,0.0,0.0011,0.0761,0.7585,0.021,0.2083,0.0487,0.077,0.0754,0.0,1.0,1.0,1.0,0.0,0.0,0.0,0.0,0.0,0.0,2.0,0.0,1.0,0.0,0.0,0.0,1.0,0.0,0.4673333956444527,0.1204333333333333,0.0562825186154469,-2179.0,-27.0,-819.1428571428571,967.0,-117.16666666666669,-374.2857142857143,0.0,121678.26428571428,383112.0,552442.5,-57.0,0.0,0.0,0.0,0.0,-27.0,-505.0,967.0,330.0,-120.2,0.0,414000.0,135538.2,677691.0,110488.5,552442.5,2204.80875,-2179.0,-1489.0,-1011.5,-1009.5,0.0,87028.425,0.0,0.0,4500.0,0.0,30339.0,90000.0,55715.4,0.7777591494463858,33250.5,67500.0,0.116390473002497,-2426.0,-1066.6,8.0,40.0,0.0,0.2,0.8,0.0,0.4,0.0,0.0,0.0,0.0,0.0,0.0,4500.0,5747.859,0.0,35602.2,90000.0,55715.4,1.1851082764758232,8.0,10.6,0.2491628709885401,-2426.0,-416.0,-1066.6,40.0,14584.05,202500.0,184500.0,-642.0,-548.8452380952381,24.0,44.0,0.0,0.0,44.0,30.0,6.258620689655173,4560.66,279.473275862069,876881.9182197824,7801.155,277419.15,-29.0,-864.448275862069,-50138.0,58.0,-104.0,0.0,133348.95,48183.29653846154,90000.0,100384.6153846154,11049.05076923077,143637.66,519485073.98364514,17637.66,1703.1738461538464,5633511.473829809,34736.58,450.5711538461538,5857.424999999999,1507287.2088548075,0.0,131697.225,610254.495,2879682877.123469,133348.95,47632.565769230765,133348.95,47632.565769230765,12.0,1.9230769230769231,25.0,18.0,5.0,1.1538461538461535,0.0,0.0,0.0,0.0,1.0,0.0,0.0,0.0,0.0,0.0,0.0,0.0,0.0,0.0,0.0,0.0,0.0,0.0,13.0
100050.0,0.0,1.0,0.0,108000.0,746280.0,42970.5,675000.0,-1648.0,-4576.0,0.0,2.0,0.0,0.0,0.5061548086628039,0.7661378050275851,0.6848276586890367,0.2186,0.1232,0.7959999999999999,0.24,0.2069,0.1154,0.2113,0.0039,0.0533,0.2417,0.375,0.1938,0.0039,0.0054,0.1232,0.7987,0.0531,0.375,0.1175,0.1804,0.2151,0.0039,0.0,0.0,1.0,0.0,0.0,0.0,0.0,0.0,0.0,3.0,0.0,1.0,1.0,0.0,1.0,0.0,0.0,0.1447178002894356,0.397875,0.0575795947901591,-2702.0,-694.0,-2025.0,189.0,-1470.3333333333333,-1107.3333333333333,0.0,247580.46,0.0,0.0,-88.0,0.0,0.0,0.0,0.0,-258.0,252.0,1051.0,716.5,-30.0,0.0,450000.0,274500.0,647914.5,147523.5,276048.0,0.0,-2702.0,-2025.0,-1470.3333333333333,-1107.3333333333333,0.0,247580.46,0.0,0.0,6919.605,0.0,0.0,180000.0,111199.5,1.0,153598.5,180000.0,0.0,-491.0,-317.6666666666667,12.0,24.0,0.0,0.3333333333333333,0.6666666666666666,0.0,0.6666666666666666,0.0,0.0,0.0,0.3333333333333333,0.0,0.0,6919.605,7959.8025,153598.5,166799.25,180000.0,166799.25,1.0,9.0,9.5,0.0,-491.0,-231.0,-361.0,24.0,14584.05,202500.0,184500.0,-642.0,-548.8452380952381,24.0,16.0,0.0,0.0,16.0,28.0,11.8125,0.0,0.0,0.0,60725.07,164519.145,-37.0,-245.8125,-3933.0,16.0,-28.0,0.0,0.0,0.0,180000.0,180000.0,0.0,0.0,0.0,0.0,0.0,0.0,0.0,0.0,0.0,0.0,0.0,0.0,0.0,0.0,0.0,0.0,0.0,0.0,0.0,0.0,0.0,0.0,0.0,0.0,0.0,0.0,0.0,0.0,1.0,0.0,0.0,0.0,0.0,0.0,0.0,0.0,0.0,0.0,0.0,0.0,0.0,0.0,7.0
100051.0,0.0,0.0,0.0,202500.0,661702.5,48280.5,598500.0,-758.0,-2380.0,1.0,2.0,0.0,0.0,0.5061548086628039,0.6315186311742824,0.5334816299804352,0.088,0.0765,0.7552,0.0,0.1379,0.0482,0.0749,0.0,0.0192,0.0,0.2083,0.0771,0.0,0.0011,0.0761,0.7585,0.021,0.2083,0.0487,0.077,0.0754,0.0,1.0,1.0,1.0,0.0,0.0,0.0,0.0,0.0,0.0,1.0,0.0,1.0,0.0,0.0,0.0,1.0,0.0,0.3060287667040702,0.2384222222222222,0.0729640586215104,-1827.0,-300.0,-1050.571428571429,909.0,-135.57777777777778,-481.8333333333333,0.0,195505.92613636365,149455.035,169015.5,-57.0,0.0,0.0,0.0,0.0,-258.0,252.0,1051.0,716.5,-30.0,0.0,450000.0,274500.0,647914.5,147523.5,276048.0,0.0,-2002.0,-1366.5555555555557,-781.0,-761.5,0.0,125100.0,0.0,0.0,6887.16,0.0,0.0,152068.5,50689.5,0.8984109135027964,136620.0,136620.0,0.0,-556.0,-313.6666666666667,24.0,24.0,0.3333333333333333,0.3333333333333333,0.6666666666666666,0.0,0.6666666666666666,0.0,0.0,0.0,0.3333333333333333,0.0,0.0,6887.16,6887.16,136620.0,136620.0,152068.5,152068.5,0.8984109135027964,12.0,12.0,0.0,-556.0,-556.0,-556.0,24.0,14584.05,0.0,184500.0,-349.0,-349.0,0.0,18.0,0.0,0.0,18.0,24.0,6.555555555555555,0.0,0.0,0.0,6887.16,123968.88,-15.0,-276.55555555555554,-4978.0,18.0,-253.0,0.0,97424.325,26793.606315789475,45000.0,149727.27272727274,3473.671875,146978.505,200953125.0,0.0,1698.935625,3082018.4686575,145804.5,4093.97186440678,123576.75,36799040.59561129,0.0,90000.0,706354.7849999999,740890888.4004157,96837.345,26559.0525,96866.37,26559.800000000003,3.0,0.0,9.0,0.0,8.0,3.888888888888889,0.0,0.0,0.0,0.0,1.0,0.0,0.0,0.0,0.0,0.0,0.0,0.0,0.0,0.0,0.0,0.0,0.0,0.0,22.0
100052.0,0.0,1.0,0.0,90000.0,180000.0,9000.0,180000.0,-895.0,-642.0,1.0,2.0,0.0,0.0,0.5061548086628039,0.535542260363498,0.5334816299804352,0.088,0.0765,0.7552,0.0,0.1379,0.0482,0.0749,0.0,0.0192,0.0,0.2083,0.0771,0.0,0.0011,0.0761,0.7585,0.021,0.2083,0.0487,0.077,0.0754,0.0,1.0,1.0,0.0,0.0,0.0,0.0,0.0,0.0,0.0,1.0,1.0,0.0,0.0,0.0,0.0,1.0,0.0,0.5,0.1,0.05,-1827.0,-300.0,-1050.571428571429,909.0,-135.57777777777778,-481.8333333333333,0.0,195505.92613636365,149455.035,169015.5,-57.0,0.0,0.0,0.0,0.0,-258.0,252.0,1051.0,716.5,-30.0,0.0,450000.0,274500.0,647914.5,147523.5,276048.0,0.0,-2002.0,-1366.5555555555557,-781.0,-761.5,0.0,125100.0,0.0,0.0,4364.595,20160.0,21226.5,30663.0,25944.75,0.9180098879839292,20160.0,27175.5,0.0,-462.0,-380.0,6.0,12.0,0.0,0.5,0.5,0.0,0.0,0.0,0.0,0.0,0.0,0.0,0.0,4364.595,5334.75,20160.0,23667.75,30663.0,25944.75,0.949756200975196,9.0,9.0,0.0,-462.0,-298.0,-380.0,12.0,14584.05,202500.0,184500.0,-642.0,-548.8452380952381,24.0,11.0,0.0,0.0,11.0,17.0,8.666666666666666,0.0,0.0,0.0,17806.725,62647.605,-192.0,-313.0,-2817.0,9.0,-253.0,0.0,97424.325,26793.606315789475,45000.0,149727.27272727274,3473.671875,146978.505,200953125.0,0.0,1698.935625,3082018.4686575,145804.5,4093.97186440678,123576.75,36799040.59561129,0.0,90000.0,706354.7849999999,740890888.4004157,96837.345,26559.0525,96866.37,26559.800000000003,3.0,0.0,9.0,0.0,8.0,3.888888888888889,0.0,0.0,0.0,0.0,1.0,0.0,0.0,0.0,0.0,0.0,0.0,0.0,0.0,0.0,0.0,0.0,0.0,0.0,22.0
100053.0,0.0,1.0,0.0,202500.0,305221.5,17649.0,252000.0,-1648.0,-1993.0,0.0,2.0,0.0,0.0,0.5061548086628039,0.2476647173356162,0.475849908720221,0.088,0.0765,0.7552,0.0,0.1379,0.0482,0.0749,0.0,0.0192,0.0,0.2083,0.0771,0.0,0.0011,0.0761,0.7585,0.021,0.2083,0.0487,0.077,0.0754,0.0,0.0,0.0,1.0,0.0,0.0,0.0,0.0,0.0,2.0,4.0,1.0,0.0,1.0,0.0,0.0,1.0,0.0,0.663452607368747,0.0871555555555555,0.057823580580005,-2893.0,-1764.0,-2337.875,-648.0,-1664.2857142857142,-1093.75,0.0,84438.5625,0.0,0.0,-57.0,0.0,0.0,0.0,0.0,-2338.0,-1958.0,-1958.0,-1958.0,-1945.0,0.0,48820.5,48820.5,48820.5,147523.5,0.0,0.0,-2893.0,-2337.8571428571427,-1615.3333333333333,-972.1428571428572,0.0,89526.85714285714,0.0,0.0,9636.705,0.0,0.0,585000.0,160581.6,0.5586615897037183,90000.0,90000.0,0.0,-649.0,-284.4,12.0,36.0,0.2,0.2,0.8,0.0,1.0,0.0,0.0,0.0,0.0,0.0,0.0,9636.705,10178.5275,90000.0,90000.0,121968.0,108954.0,0.9380863039399624,7.0,8.0,0.0,-649.0,-350.0,-499.5,36.0,29250.0,0.0,184500.0,-350.0,-350.0,0.0,23.0,0.0,0.0,23.0,34.0,7.142857142857143,0.0,0.0,0.0,99488.34,304142.53500000003,-21.0,-326.6190476190476,-6859.0,21.0,-253.0,0.0,97424.325,26793.606315789475,45000.0,149727.27272727274,3473.671875,146978.505,200953125.0,0.0,1698.935625,3082018.4686575,145804.5,4093.97186440678,123576.75,36799040.59561129,0.0,90000.0,706354.7849999999,740890888.4004157,96837.345,26559.0525,96866.37,26559.800000000003,3.0,0.0,9.0,0.0,8.0,3.888888888888889,0.0,0.0,0.0,0.0,1.0,0.0,0.0,0.0,0.0,0.0,0.0,0.0,0.0,0.0,0.0,0.0,0.0,0.0,22.0
100054.0,0.0,1.0,0.0,99000.0,260640.0,26838.0,225000.0,-5332.0,-3283.0,1.0,2.0,0.0,0.0,0.5061548086628039,0.0892406534424171,0.7281412993111438,0.088,0.0765,0.7552,0.0,0.1379,0.0482,0.0749,0.0,0.0192,0.0,0.2083,0.0771,0.0,0.0011,0.0761,0.7585,0.021,0.2083,0.0487,0.077,0.0754,0.0,4.0,4.0,1.0,0.0,0.0,0.0,0.0,0.0,0.0,2.0,0.0,1.0,0.0,0.0,0.0,1.0,1.0,0.3798342541436464,0.2710909090909091,0.1029696132596685,-1483.0,-1138.0,-1310.5,-772.0,-943.5,-578.0,0.0,52346.25,0.0,0.0,-48.0,0.0,0.0,0.0,0.0,-1138.0,-772.0,-772.0,-772.0,-42.0,0.0,56092.5,56092.5,56092.5,0.0,0.0,0.0,-1483.0,-1483.0,-1115.0,-1114.0,0.0,48600.0,0.0,0.0,5300.73,62325.0,56092.5,95310.0,81145.8,1.0666720638158924,62325.0,102937.5,0.065350215598609,-1247.0,-799.8,11.6,58.0,0.2,0.2,0.8,0.0,0.0,0.0,0.0,0.0,0.0,0.0,0.0,6582.87,8604.6525,77400.0,91918.125,95310.0,87409.125,1.11113809685724,11.0,13.5,0.1089328961748633,-1247.0,-287.0,-715.25,46.0,5300.73,62325.0,62325.0,-1138.0,-1138.0,12.0,49.0,0.0,0.0,49.0,29.0,7.404255319148936,6578.46,280.12212765957446,1801217.6788953743,10349.91,381876.255,-28.0,-580.9148936170212,-27303.0,47.0,-253.0,0.0,97424.325,26793.606315789475,45000.0,149727.27272727274,3473.671875,146978.505,200953125.0,0.0,1698.935625,3082018.4686575,145804.5,4093.97186440678,123576.75,36799040.59561129,0.0,90000.0,706354.7849999999,740890888.4004157,96837.345,26559.0525,96866.37,26559.800000000003,3.0,0.0,9.0,0.0,8.0,3.888888888888889,0.0,0.0,0.0,0.0,1.0,0.0,0.0,0.0,0.0,0.0,0.0,0.0,0.0,0.0,0.0,0.0,0.0,0.0,22.0
100055.0,0.0,1.0,0.0,130500.0,1350000.0,37255.5,1350000.0,-4411.0,-3199.0,1.0,3.0,0.0,0.0,0.7104273289168539,0.5891866296961207,0.4668640059537032,0.088,0.0765,0.7552,0.0,0.1379,0.0482,0.0749,0.0,0.0192,0.0,0.2083,0.0771,0.0,0.0011,0.0761,0.7585,0.021,0.2083,0.0487,0.077,0.0754,0.0,0.0,0.0,1.0,0.0,0.0,0.0,0.0,0.0,0.0,0.0,0.0,1.0,0.0,0.0,0.0,1.0,1.0,0.0966666666666666,0.2854827586206896,0.0275966666666666,-2202.0,-161.0,-876.8571428571429,746.0,-77.0,-288.0,0.0,403818.8592857143,1210297.5,1244438.055,-57.0,0.0,0.0,0.0,0.0,-161.0,145.0,746.0,504.6666666666667,-25.25,0.0,1370254.5,552389.25375,2209557.015,622219.0275,1244438.055,0.0,-2202.0,-1357.6666666666667,-658.6666666666666,-638.3333333333334,0.0,205725.0,0.0,0.0,6922.98,37219.5,39186.0,108765.0,73975.5,0.9774112334750272,37219.5,109309.5,0.0497460697197539,-784.0,-568.5,9.0,18.0,0.0,0.0,0.5,0.0,0.0,0.0,0.0,0.0,0.0,0.0,0.0,6922.98,9036.7875,37219.5,73264.5,108765.0,73975.5,1.005006206040546,6.0,7.0,0.0994921394395078,-784.0,-353.0,-568.5,18.0,14584.05,202500.0,184500.0,-642.0,-548.8452380952381,24.0,15.0,0.0,0.0,15.0,23.0,11.0,0.0,0.0,0.0,39848.4,173616.21,-345.0,-578.5384615384615,-7521.0,13.0,-253.0,0.0,97424.325,26793.606315789475,45000.0,149727.27272727274,3473.671875,146978.505,200953125.0,0.0,1698.935625,3082018.4686575,145804.5,4093.97186440678,123576.75,36799040.59561129,0.0,90000.0,706354.7849999999,740890888.4004157,96837.345,26559.0525,96866.37,26559.800000000003,3.0,0.0,9.0,0.0,8.0,3.888888888888889,0.0,0.0,0.0,0.0,1.0,0.0,0.0,0.0,0.0,0.0,0.0,0.0,0.0,0.0,0.0,0.0,0.0,0.0,22.0
100056.0,0.0,0.0,1.0,360000.0,1506816.0,49927.5,1350000.0,-9523.0,-1797.0,0.0,2.0,0.0,0.0,0.5061548086628039,0.5239340474953537,0.5334816299804352,0.088,0.0765,0.7552,0.0,0.1379,0.0482,0.0749,0.0,0.0192,0.0,0.2083,0.0771,0.0,0.0011,0.0761,0.7585,0.021,0.2083,0.0487,0.077,0.0754,0.0,1.0,1.0,1.0,0.0,0.0,0.0,0.0,0.0,0.0,1.0,0.0,1.0,0.0,0.0,0.0,1.0,1.0,0.238914373088685,0.1386875,0.033134437117737,-1827.0,-300.0,-1050.571428571429,909.0,-135.57777777777778,-481.8333333333333,0.0,195505.92613636365,149455.035,169015.5,-57.0,0.0,0.0,0.0,0.0,-258.0,252.0,1051.0,716.5,-30.0,0.0,450000.0,274500.0,647914.5,147523.5,276048.0,0.0,-2002.0,-1366.5555555555557,-781.0,-761.5,0.0,125100.0,0.0,0.0,13502.385,135000.0,142425.0,506038.5,283330.5,0.9531042572001696,135000.0,405000.0,0.0544545454545454,-2828.0,-2538.0,29.33333333333333,88.0,0.0,0.3333333333333333,0.6666666666666666,0.0,0.6666666666666666,0.0,0.0,0.0,0.0,0.0,0.0,13502.385,17561.715,135000.0,254640.0,506038.5,283330.5,1.1111111111111112,8.0,11.0,0.1089090909090909,-2828.0,-2166.0,-2538.0,88.0,14584.05,202500.0,184500.0,-642.0,-548.8452380952381,24.0,73.0,0.0,0.0,73.0,50.0,11.21505376344086,21633.03,4807.274032258066,80273947.02106214,168149.79,1656709.965,-559.0,-1686.52688172043,-156847.0,93.0,-253.0,0.0,97424.325,26793.606315789475,45000.0,149727.27272727274,3473.671875,146978.505,200953125.0,0.0,1698.935625,3082018.4686575,145804.5,4093.97186440678,123576.75,36799040.59561129,0.0,90000.0,706354.7849999999,740890888.4004157,96837.345,26559.0525,96866.37,26559.800000000003,3.0,0.0,9.0,0.0,8.0,3.888888888888889,0.0,0.0,0.0,0.0,1.0,0.0,0.0,0.0,0.0,0.0,0.0,0.0,0.0,0.0,0.0,0.0,0.0,0.0,22.0
